pais,ano,krause,valor,moeda,tipo,qualidade,material,diametro,detalhe,anverso,reverso,,valor_venda,datacadastro,imagem1,imagem2; 
Afeganistao,0,0,10000,AFGHANIS,Nota,MB,PAPEL,170X76MM, , , ,0,15 de jun de 2018, , ; 
Afeganistao,1978,53A,50,AFGHANIS,Nota,0,PAPEL,133X57, , , ,0,15 de jun de 2018, , ; 
Afeganistao,1991,61,1000,AFGHANIS,Nota,FE,PAPEL,162X71, , , ,0,15 de jun de 2018, , ; 
Afeganistao,2002,0,1,AFGHANIS,Nota,FE,PAPEL,131X55, , , ,0,15 de jun de 2018, , ; 
Alemanha,1908,33,100,MARK,Nota,UTG,PAPEL,159X96,SERIE 8238143C, , ,0,15 de jun de 2018, , ; 
Alemanha,1910,0,1000,REICH,Nota,UTG,PAPEL,0x0,NR3089026B, , ,0,15 de jun de 2018, , ; 
Alemanha,1922,76,1000,MARK,Nota,UTG,PAPEL,158X85,SERIE XA 160800 MM, , ,0,15 de jun de 2018, , ; 
Alemanha,1922,76,1000,MARK,Nota,UTG,PAPEL,158X85,SERIE DE 304563 PL, , ,0,15 de jun de 2018, , ; 
Alemanha,1919,0,50,MARK,Nota,UTG,PAPEL,0x0,8777, , ,0,28 de out de 2019, , ; 
Alemanha,1919,0,50,MARK,Nota,UTG,PAPEL,153X101,SERIE 599187, , ,0,11 de ago de 2020, , ; 
Alemanha Terceiro Reich,1945,R139,20,REICHMARK,Nota,MTG,PAPEL,155X80MM,NAZISTA SERIE C2679228, , ,0,15 de jun de 2018, , ; 
Angola,1999,144,5,KWANZA,Nota,0,PAPEL,138X65,HQ1415419, , ,0,15 de jun de 2018, , ; 
Angola,2012,152,50,KWANZA,Nota,B,PAPEL,65X145,TM 1435557, ,CUEMBA,0,15 de jun de 2018, , ; 
Angola,2012,0,500,KWANZA,Nota,SOB,PAPEL,155X66MM,SERIE G0 8080511,,ANDULO,6,4 de mar. de 2022,https://i.colnect.net/f/6714/636/500-Kwanzas.jpg,https://i.colnect.net/f/6714/637/500-Kwanzas.jpg; 
Argentina,0,0,5,PESO,Nota,FE,PAPEL,150X55,00111324A,JOSE DE SAN MARTIN, ,0,15 de jun de 2018, , ; 
Argentina,0,0,10000,PESO,Nota,UTG,Papel,154X77MM,67352335b,General San Martin,Parque Nacional El Palmar,0,15 de jun de 2018, , ; 
Argentina,0,0,1000,PESO,Nota,UTG,Papel,151X74MM,292917176,General San Martin,Plaza De Mayo,0,15 de jun de 2018, , ; 
Argentina,0,0,5000,PESO,Nota,UTG,PAPEL,0x0,17699348B,GRAL SAN MARTIN, ,0,15 de jun de 2018, , ; 
Argentina,1985,0,10,AUSTRALES,Nota,FE,PAPEL,155X55MM,SERIE 54223735B,SANTIAGO DERQUI, ,0,15 de jun de 2018, , ; 
Argentina,2002,346,2,PESO,Nota,0,PAPEL,155X65,63956395L OTIMO ESTADO, , ,0,15 de jun de 2018, , ; 
Argentina,2003,353,5,PESO,Nota,0,PAPEL,153X64,28805807F RISCADA, , ,0,15 de jun de 2018, , ; 
Argentina,2003,354,10,PESO,Nota,0,PAPEL,154X64,02148842L ESTADO RUIM, , ,0,15 de jun de 2018, , ; 
Argentina,2003,355,20,PESO,Nota,0,PAPEL,155X65,01447019E OTIMO ESTADO, , ,0,15 de jun de 2018, , ; 
Argentina,1985,0,1,AUSTRAL,Nota,UTG,PAPEL,150X63MM,SERIE 36503495A,BARNARDINO RIVADAVIA,,0,4 de mar. de 2022,https://centralnumismatica.com.br/pub/media/catalog/product/cache/41337c52a3cb94271a8f90bde2b0c93e/i/m/img_20210901_152534.jpg,https://centralnumismatica.com.br/pub/media/catalog/product/cache/41337c52a3cb94271a8f90bde2b0c93e/o/r/original_ab01be44-e565-47bd-8ec0-31dea1beaf4b_img_20210901_135418.jpg; 
Argentina,1989,0,1,AUSTRAL,Nota,UTG,PAPEL,150X63MM,SERIE 37574350B,BERNARDINO RIVADAVIA,,0,4 de mar. de 2022,https://centralnumismatica.com.br/pub/media/catalog/product/cache/41337c52a3cb94271a8f90bde2b0c93e/i/m/img_20210901_152534.jpg,https://centralnumismatica.com.br/pub/media/catalog/product/cache/41337c52a3cb94271a8f90bde2b0c93e/o/r/original_ab01be44-e565-47bd-8ec0-31dea1beaf4b_img_20210901_135418.jpg; 
Austria,1902,8,1000,KRONEN,Nota,UTG,PAPEL,129X191,79463 2501, , ,0,15 de jun de 2018, , ; 
Bangladesh,1979,6B,1,TAKA,Nota,FE,PAPEL,100X60MM,MARCA DAGUA CABECA DE TIGRE,ANTILOPES,FORCAS  ARMADAS,0,15 de jun de 2018, , ; 
Bangladesh,2003,6C,2,TAKA,Nota,FE,PAPEL,100X60, , , ,0,15 de jun de 2018, , ; 
Bangladesh,2012,53,5b,TAKA,Nota,FE,PAPEL,117X60, , , ,0,15 de jun de 2018, , ; 
Bielorrussia,1992,0,50,RUBLEI,Nota,FE,PAPEL,115X54,SEM NUMERO DE SERIE,ESQUILO, ,0,15 de jun de 2018, , ; 
Bielorrussia,1992,0,100,RUBLEI,Nota,FE,PAPEL,150X53,SERIE AR 2393151, ,BISAO,0,15 de jun de 2018, , ; 
Bielorrussia,2000,23,10,RUBLEI,Nota,FE,PAPEL,110X60MM,SERIE TA1897747,VALOR,EDIFICIO DA CIDADE DE MINSK,0,15 de jun de 2018, , ; 
Bielorrussia,2000,24,20,RUBLO,Nota,FE,PAPEL,150X69MM,SERIE M6 2521055,BANCO CENTRAL,INTERIOR DO BANCO,0,15 de jun de 2018, , ; 
Bolivia,1952,0,5,BOLIVIANO,Nota,UTG,PAPEL,134X61,528484D, , ,0,15 de jun de 2018, , ; 
Bosnia E Herzegovina,1992,10,10,DINARA,Nota,FE,PAPEL,145X78,SERIE 76725468, , ,0,15 de jun de 2018, , ; 
Bosnia E Herzegovina,1992,0,10, ,Nota,FE,PAPEL,0x0, , , ,0,15 de jun de 2018, , ; 
Brasil,1944,C 09,1,CRUZEIRO,Nota,SOB,PAPEL,156X67,SERIE 615 060152,MARQUES DE TAMANDARE,ESCOLA NAVAL,5,15 de jun de 2018,https://firebasestorage.googleapis.com/v0/b/minha-colecao-a01d5.appspot.com/o/imagens%2FBrasil_C09_anverso.jpg?alt=media&token=532b9ae4-1ebb-4492-9d37-0e5fd3442d70,https://firebasestorage.googleapis.com/v0/b/minha-colecao-a01d5.appspot.com/o/imagens%2FBrasil_C09_reverso.jpg?alt=media&token=532b9ae4-1ebb-4492-9d37-0e5fd3442d70; 
Brasil,1944,C 14,2,CRUZEIRO,Nota,UTG,PAPEL,150X65,SERIE 486 057887,DUQUE DE CAXIAS,ESCOLA MILITAR DE REZENDE,2,15 de jun de 2018,https://firebasestorage.googleapis.com/v0/b/minha-colecao-a01d5.appspot.com/o/imagens%2FBrasil_C14_anverso.jpg?alt=media&token=532b9ae4-1ebb-4492-9d37-0e5fd3442d70,https://firebasestorage.googleapis.com/v0/b/minha-colecao-a01d5.appspot.com/o/imagens%2FBrasil_C14_reverso.jpg?alt=media&token=532b9ae4-1ebb-4492-9d37-0e5fd3442d70; 
Brasil,1953,C 66,5,CRUZEIRO,Nota,MBC,PAPEL,152X66,2 ESTAMPA SERIE 552A 042980,BARAO RIO BRANCO,CONQUISTA DO AMAZONAS,20,15 de jun de 2018, , ; 
Brasil,1954,C 10,1,CRUZEIRO,Nota,FE,PAPEL,157X67,SERIE 1418 022327,MARQUES DE TAMANDARE,ESCOLA NAVAL,8,15 de jun de 2018,https://firebasestorage.googleapis.com/v0/b/minha-colecao-a01d5.appspot.com/o/imagens%2FBrasil_C10_anverso.jpg?alt=media&token=532b9ae4-1ebb-4492-9d37-0e5fd3442d70,https://firebasestorage.googleapis.com/v0/b/minha-colecao-a01d5.appspot.com/o/imagens%2FBrasil_C10_reverso.jpg?alt=media&token=532b9ae4-1ebb-4492-9d37-0e5fd3442d70; 
Brasil,1954,C 11,1,CRUZEIRO,Nota,MB,PAPEL,157X67,SERIE 2399 059328,MARQUES DE TAMANDARE,ESCOLA NAVAL,8,15 de jun de 2018,https://firebasestorage.googleapis.com/v0/b/minha-colecao-a01d5.appspot.com/o/imagens%2FBrasil_C11_anverso.jpg?alt=media&token=532b9ae4-1ebb-4492-9d37-0e5fd3442d70,https://firebasestorage.googleapis.com/v0/b/minha-colecao-a01d5.appspot.com/o/imagens%2FBrasil_C11_reverso.jpg?alt=media&token=532b9ae4-1ebb-4492-9d37-0e5fd3442d70; 
Brasil,1955,C 61,2,CRUZEIRO,Nota,B,PAPEL,150X65,2 ESTAMPA SERIE 226A 071960,DUQUE DE CAXIAS,ESCOLA MILITAR DE RESENDE,1,15 de jun de 2018, , ; 
Brasil,1955,C 50,1000,CRUZEIRO,Nota,REPOR,PAPEL,157X67MM,SERIE 405A  064464,PEDRO ALVARES CABRAL,PRIMEIRA MISSA,0,13 de fev de 2019,https://firebasestorage.googleapis.com/v0/b/minha-colecao-a01d5.appspot.com/o/imagens%2FBrasil_C50_anverso.jpg?alt=media&token=532b9ae4-1ebb-4492-9d37-0e5fd3442d70,https://firebasestorage.googleapis.com/v0/b/minha-colecao-a01d5.appspot.com/o/imagens%2FBrasil_C50_reverso.jpg?alt=media&token=532b9ae4-1ebb-4492-9d37-0e5fd3442d70; 
Brasil,1955,C 51,1000,REIS,Nota,B,PAPEL,157X67MM,SERIE 715 015758,PEDRO ALVARES CABRAL,PRIMEIRA MISSA,0,5 de mai de 2019, , ; 
Brasil,1956,C 12,1,CRUZEIRO,Nota,FE,PAPEL,157X67,SERIE 2753 061665,MARQUES DE TAMANDARE,ESCOLA NAVAL,5,15 de jun de 2018,https://firebasestorage.googleapis.com/v0/b/minha-colecao-a01d5.appspot.com/o/imagens%2FBrasil_C12_anverso.jpg?alt=media&token=532b9ae4-1ebb-4492-9d37-0e5fd3442d70,https://firebasestorage.googleapis.com/v0/b/minha-colecao-a01d5.appspot.com/o/imagens%2FBrasil_C12_reverso.jpg?alt=media&token=532b9ae4-1ebb-4492-9d37-0e5fd3442d70; 
Brasil,1956,C 62,2,CRUZEIRO,Nota,BOA,PAPEL,150X65,ESTAMPA 2 SERIE 308 008313,DUQUE DE CAXIAS,ESCOLA MILITAR DE REZENDE,5,15 de jun de 2018, , ; 
Brasil,1956,C 63,2,CRUZEIRO,Nota,MBC,PAPEL,157X67,ESTAMPA 2 SERIE 807 026059,DUQUE DE CAXIAS,ESCOLA MILITAR DE REZENDE,3,15 de jun de 2018, , ; 
Brasil,1956,C 78,10,CRUZEIRO,Nota,MBC,PAPEL,157X67,2 ESTAMPA SERIE 1358 053408,GETULIO VARGAS,UNIDADE NACIONAL,3,15 de jun de 2018, , ; 
Brasil,1956,C 68,5,CRUZEIRO,Nota,MBC,PAPEL,157X67,ESTAMPA 2A SERIE 1471 028019,BARAO RIO BRANCO,CONQUISTA DO AMAZONAS,4,11 de ago de 2018, , ; 
Brasil,1958,C 13,1,CRUZEIRO,Nota,UTG,PAPEL,157X67,SERIE 3679 088252,MARQUES DE TAMANDARE,ESCOLA NAVAL,2,15 de jun de 2018,https://firebasestorage.googleapis.com/v0/b/minha-colecao-a01d5.appspot.com/o/imagens%2FBrasil_C13_anverso.jpg?alt=media&token=532b9ae4-1ebb-4492-9d37-0e5fd3442d70,https://firebasestorage.googleapis.com/v0/b/minha-colecao-a01d5.appspot.com/o/imagens%2FBrasil_C13_reverso.jpg?alt=media&token=532b9ae4-1ebb-4492-9d37-0e5fd3442d70; 
Brasil,1958,C 16,2,CRUZEIRO,Nota,UTG,PAPEL,150X65,SERIE 943 044604,DUQUE DE CAXIAS,ESCOLA MILITAR DE REZENDE,0,15 de jun de 2018,https://firebasestorage.googleapis.com/v0/b/minha-colecao-a01d5.appspot.com/o/imagens%2FBrasil_C16_anverso.jpg?alt=media&token=532b9ae4-1ebb-4492-9d37-0e5fd3442d70,https://firebasestorage.googleapis.com/v0/b/minha-colecao-a01d5.appspot.com/o/imagens%2FBrasil_C16_reverso.jpg?alt=media&token=532b9ae4-1ebb-4492-9d37-0e5fd3442d70; 
Brasil,1958,C 64,2,CRUZEIRO,Nota,MB,PAPEL,157X67,ESTAMPA 2 SERIE 1038 074588,DUQUE DE CAXIAS,ESCOLA MILITAR DE REZENDE,2,15 de jun de 2018,https://firebasestorage.googleapis.com/v0/b/minha-colecao-a01d5.appspot.com/o/imagens%2FBrasil_C64_anverso.jpg?alt=media&token=532b9ae4-1ebb-4492-9d37-0e5fd3442d70,https://firebasestorage.googleapis.com/v0/b/minha-colecao-a01d5.appspot.com/o/imagens%2FBrasil_C64_reverso.jpg?alt=media&token=532b9ae4-1ebb-4492-9d37-0e5fd3442d70; 
Brasil,1958,C 79,10,CRUZEIRO,Nota,REPOR,PAPEL,157X67,2 ESTAMPA SERIE 1639 087019,GETULIO VARGAS,UNIDADE NACIONAL,2,15 de jun de 2018, , ; 
Brasil,1960,C 81,10,CRUZEIRO,Nota,MBC,PAPEL,157X67,2 ESTAMPA SERIE 2235 073267,GETULIO VARGAS,UNIDADE NACIONAL,1,15 de jun de 2018, , ; 
Brasil,1961,C 111,5,CRUZEIRO,Nota,B,PAPEL,152X66,ESTAMPA 3 SERIE 55 074870,INDIO,VITORIA REGIA,4,15 de jun de 2018,https://firebasestorage.googleapis.com/v0/b/minha-colecao-a01d5.appspot.com/o/imagens%2FBrasil_C111_anverso.jpg?alt=media&token=532b9ae4-1ebb-4492-9d37-0e5fd3442d70,https://firebasestorage.googleapis.com/v0/b/minha-colecao-a01d5.appspot.com/o/imagens%2FBrasil_C111_reverso.jpg?alt=media&token=532b9ae4-1ebb-4492-9d37-0e5fd3442d70; 
Brasil,1961,C 46,500,CRUZEIRO,Nota,REPOR,PAPEL,157X67MM,1 ESTAMPA SERIE 328 011784,D JOAO VI,ABERTURA DOS PORTOS,0,13 de fev de 2019,https://firebasestorage.googleapis.com/v0/b/minha-colecao-a01d5.appspot.com/o/imagens%2FBrasil_C46_anverso.jpg?alt=media&token=532b9ae4-1ebb-4492-9d37-0e5fd3442d70,https://firebasestorage.googleapis.com/v0/b/minha-colecao-a01d5.appspot.com/o/imagens%2FBrasil_C46_reverso.jpg?alt=media&token=532b9ae4-1ebb-4492-9d37-0e5fd3442d70; 
Brasil,1962,C 71,5,CRUZEIRO,Nota,MB,PAPEL,152X66,ESTAMPA 2 SERIE 3198 068397,BARAO RIO BRANCO,CONQUISTA DO AMAZONAS,3,15 de jun de 2018, , ; 
Brasil,1962,C 88,20,CRUZEIRO,Nota,B,PAPEL,158X67,ESTAMPA 2 SERIE 2198 007767,MARECHAL DEODORO DA FONSECA,PROCLAMACAO DA REPUBLICA,5,15 de jun de 2018, , ; 
Brasil,1962,C 82,10,CRUZEIRO,Nota,MBC,PAPEL,157X67,2 ESTAMPA SERIE 2458 026561,GETULIO VARGAS,UNIDADE NACIONAL,15,15 de jun de 2018, , ; 
Brasil,1962,C 112,5,CRUZEIRO,Nota,REPOR,PAPEL,156X67MM,ESTAMPA 3A SERIE 092 060940,INDIO,VITORIA REGIA,0,11 de ago de 2018,https://firebasestorage.googleapis.com/v0/b/minha-colecao-a01d5.appspot.com/o/imagens%2FBrasil_C112_anverso.jpg?alt=media&token=532b9ae4-1ebb-4492-9d37-0e5fd3442d70,https://firebasestorage.googleapis.com/v0/b/minha-colecao-a01d5.appspot.com/o/imagens%2FBrasil_C112_reverso.jpg?alt=media&token=532b9ae4-1ebb-4492-9d37-0e5fd3442d70; 
Brasil,1963,C 56,1000,CRUZEIRO,Nota,REPOR,PAPEL,157X67,ESTAMPA 1 SERIE 3384 087914,PEDRO ALVARES CABRAL,PRIMEIRA MISSA,0,15 de jun de 2018,https://firebasestorage.googleapis.com/v0/b/minha-colecao-a01d5.appspot.com/o/imagens%2FBrasil_C56_anverso.jpg?alt=media&token=532b9ae4-1ebb-4492-9d37-0e5fd3442d70,https://firebasestorage.googleapis.com/v0/b/minha-colecao-a01d5.appspot.com/o/imagens%2FBrasil_C56_reverso.jpg?alt=media&token=532b9ae4-1ebb-4492-9d37-0e5fd3442d70; 
Brasil,1963,C 20,10,CRUZEIRO,Nota,REPOR,PAPEL,157X67,SERIE 738 063658,GETULIO VARGAS,UNIDADE NACIONAL,0,15 de jun de 2018, , ; 
Brasil,1963,C 23,20,CRUZEIRO,Nota,REPOR,PAPEL,157X67,SERIE 1063 061244,DEODORO DA FONSECA,PROCLAMACAO DA REPUBLICA,0,15 de jun de 2018,https://firebasestorage.googleapis.com/v0/b/minha-colecao-a01d5.appspot.com/o/imagens%2FBrasil_C23_anverso.jpg?alt=media&token=532b9ae4-1ebb-4492-9d37-0e5fd3442d70,https://firebasestorage.googleapis.com/v0/b/minha-colecao-a01d5.appspot.com/o/imagens%2FBrasil_C23_reverso.jpg?alt=media&token=532b9ae4-1ebb-4492-9d37-0e5fd3442d70; 
Brasil,1964,C 74,5,CRUZEIRO,Nota,MBC,PAPEL,157X67,2 ESTAMPA 3899 SERIE 098790,BARAO RIO BRANCO,CONQUISTA DO AMAZONAS,2,15 de jun de 2018, , ; 
Brasil,1964,C 74B,5,CRUZEIRO,Nota,SOB,PAPEL,157X67,2 ESTAMPA 4559 SERIE 048169,BARAO DE RIO BRANCO,CONQUISTA DO AMAZONAS,10,15 de jun de 2018, , ; 
Brasil,1964,C 35,100,CRUZEIRO,Nota,MBC,PAPEL,157X67,SERIE 1354A 055107 1A ESTAMPA,D PEDRO II,CULTURA NACIONAL,10,2 de jan de 2019, , ; 
Brasil,1964,C 42,200,CRUZEIRO,Nota,BC,PAPEL,157X67MM,1 ESTAMPA SERIE 1120 010688,D PEDRO I,GRITO DO IPIRANGA,20,13 de fev de 2019, , ; 
Brasil,1964,C 43,200,REIS,Nota,MBC,PAPEL,157X67MM,SERIE 1486 021619,D PEDRO I,O GRITO DO IPIRANGA,20,5 de mai de 2019,https://firebasestorage.googleapis.com/v0/b/minha-colecao-a01d5.appspot.com/o/imagens%2FBrasil_C43_anverso.jpg?alt=media&token=532b9ae4-1ebb-4492-9d37-0e5fd3442d70,https://firebasestorage.googleapis.com/v0/b/minha-colecao-a01d5.appspot.com/o/imagens%2FBrasil_C43_reverso.jpg?alt=media&token=532b9ae4-1ebb-4492-9d37-0e5fd3442d70; 
Brasil,1966,C 114,1 CENTAVO,CRUZEIRO,Nota,B,PAPEL,157X67,CARIMBADA EM 10 CRUZEIRO ESTAMPA 2 SERIE 3165 072799,GETULIO VARGAS,UNIDADE NACIONAL,2,15 de jun de 2018,https://firebasestorage.googleapis.com/v0/b/minha-colecao-a01d5.appspot.com/o/imagens%2FBrasil_C114_anverso.jpg?alt=media&token=532b9ae4-1ebb-4492-9d37-0e5fd3442d70,https://firebasestorage.googleapis.com/v0/b/minha-colecao-a01d5.appspot.com/o/imagens%2FBrasil_C114_reverso.jpg?alt=media&token=532b9ae4-1ebb-4492-9d37-0e5fd3442d70; 
Brasil,1966,C 115,5 CENTAVO,CRUZEIRO,Nota,B,PAPEL,157X67,CARIMBADA EM 50 CRUZEIRO ESTAMPA 2 SERIE 858 061347,PRINCESA ISABEL,LEI AUREA,12,15 de jun de 2018,https://firebasestorage.googleapis.com/v0/b/minha-colecao-a01d5.appspot.com/o/imagens%2FBrasil_C115_anverso.jpg?alt=media&token=532b9ae4-1ebb-4492-9d37-0e5fd3442d70,https://firebasestorage.googleapis.com/v0/b/minha-colecao-a01d5.appspot.com/o/imagens%2FBrasil_C115_reverso.jpg?alt=media&token=532b9ae4-1ebb-4492-9d37-0e5fd3442d70; 
Brasil,1967,C 116,5 CENTAVO,CRUZEIRO,Nota,B,PAPEL,157X67,CARIMBADA EM 50 CRUZEIRO ESTAMPA 2 SERIE 1373 048332,PRINCESA ISABEL,LEI AUREA,3,15 de jun de 2018,https://firebasestorage.googleapis.com/v0/b/minha-colecao-a01d5.appspot.com/o/imagens%2FBrasil_C116_anverso.jpg?alt=media&token=532b9ae4-1ebb-4492-9d37-0e5fd3442d70,https://firebasestorage.googleapis.com/v0/b/minha-colecao-a01d5.appspot.com/o/imagens%2FBrasil_C116_reverso.jpg?alt=media&token=532b9ae4-1ebb-4492-9d37-0e5fd3442d70; 
Brasil,1967,C 118,10 CENTAVO,CRUZEIRO,Nota,REPOR,PAPEL,157X67,CARIMBADA EM 100 CRUZEIRO ESTAMPA 2 SERIE 1191 035647,D PEDRO II,CULTURA NACIONAL,0,15 de jun de 2018,https://firebasestorage.googleapis.com/v0/b/minha-colecao-a01d5.appspot.com/o/imagens%2FBrasil_C118_anverso.jpg?alt=media&token=532b9ae4-1ebb-4492-9d37-0e5fd3442d70,https://firebasestorage.googleapis.com/v0/b/minha-colecao-a01d5.appspot.com/o/imagens%2FBrasil_C118_reverso.jpg?alt=media&token=532b9ae4-1ebb-4492-9d37-0e5fd3442d70; 
Brasil,1974,C 138,10,CRUZEIRO,Nota,FE,PAPEL,157X73,A06200 010419,D PEDRO II,PREFETA DANIEL ALEIJADINHO,20,15 de jun de 2018,https://firebasestorage.googleapis.com/v0/b/minha-colecao-a01d5.appspot.com/o/imagens%2FBrasil_C138_anverso.jpg?alt=media&token=532b9ae4-1ebb-4492-9d37-0e5fd3442d70,https://firebasestorage.googleapis.com/v0/b/minha-colecao-a01d5.appspot.com/o/imagens%2FBrasil_C138_reverso.jpg?alt=media&token=532b9ae4-1ebb-4492-9d37-0e5fd3442d70; 
Brasil,1974,C 135,5,CRUZEIRO,Nota,B,PAPEL,152X70,SERIE B05284 003759,D PEDRO I,PRACA XV,2,15 de jun de 2018,https://firebasestorage.googleapis.com/v0/b/minha-colecao-a01d5.appspot.com/o/imagens%2FBrasil_C135_anverso.jpg?alt=media&token=532b9ae4-1ebb-4492-9d37-0e5fd3442d70,https://firebasestorage.googleapis.com/v0/b/minha-colecao-a01d5.appspot.com/o/imagens%2FBrasil_C135_reverso.jpg?alt=media&token=532b9ae4-1ebb-4492-9d37-0e5fd3442d70; 
Brasil,1974,C 146,100,CRUZEIRO,Nota,MBC,PAPEL,167X79MM,A09403 084305,FLORIANO PEIXOTO,CONGRESSO NACIONAL,5,11 de ago de 2018,https://firebasestorage.googleapis.com/v0/b/minha-colecao-a01d5.appspot.com/o/imagens%2FBrasil_C146_anverso.jpg?alt=media&token=532b9ae4-1ebb-4492-9d37-0e5fd3442d70,https://firebasestorage.googleapis.com/v0/b/minha-colecao-a01d5.appspot.com/o/imagens%2FBrasil_C146_reverso.jpg?alt=media&token=532b9ae4-1ebb-4492-9d37-0e5fd3442d70; 
Brasil,1975,C 131,1,CRUZEIRO,Nota,FE,PAPEL,147X67,B08715 0877546,EFIGIE DA REPUBLICA,CASA DA MOEDA DO BRASIL,10,15 de jun de 2018,https://firebasestorage.googleapis.com/v0/b/minha-colecao-a01d5.appspot.com/o/imagens%2FBrasil_C131_anverso.jpg?alt=media&token=532b9ae4-1ebb-4492-9d37-0e5fd3442d70,https://firebasestorage.googleapis.com/v0/b/minha-colecao-a01d5.appspot.com/o/imagens%2FBrasil_C131_reverso.jpg?alt=media&token=532b9ae4-1ebb-4492-9d37-0e5fd3442d70; 
Brasil,1979,C 136,5,CRUZEIRO,Nota,RUIM,PAPEL,149X69,B06127 037562,D PEDRO I,PRACA 15 RIO SECULO XVIII,0,15 de jun de 2018,https://firebasestorage.googleapis.com/v0/b/minha-colecao-a01d5.appspot.com/o/imagens%2FBrasil_C136_anverso.jpg?alt=media&token=532b9ae4-1ebb-4492-9d37-0e5fd3442d70,https://firebasestorage.googleapis.com/v0/b/minha-colecao-a01d5.appspot.com/o/imagens%2FBrasil_C136_reverso.jpg?alt=media&token=532b9ae4-1ebb-4492-9d37-0e5fd3442d70; 
Brasil,1979,C 154A,1000,CRUZEIRO,Nota,MB,PAPEL,152X72,*0003051099A,BARAO RIO BRANCO,2 CARAS,300,15 de jun de 2018, , ; 
Brasil,1980,C 132,1,CRUZEIRO,Nota,B,PAPEL,147X64,B15967 036389,EFIGIE DA REPUBLICA,CASA DA MOEDA DO BRASIL,3,15 de jun de 2018,https://firebasestorage.googleapis.com/v0/b/minha-colecao-a01d5.appspot.com/o/imagens%2FBrasil_C132_anverso.jpg?alt=media&token=532b9ae4-1ebb-4492-9d37-0e5fd3442d70,https://firebasestorage.googleapis.com/v0/b/minha-colecao-a01d5.appspot.com/o/imagens%2FBrasil_C132_reverso.jpg?alt=media&token=532b9ae4-1ebb-4492-9d37-0e5fd3442d70; 
Brasil,1981,C 147,100,CRUZEIRO,Nota,MBC,PAPEL,164X77,A11593 006882,FLORIANO PEIXOTO,CONGRESSO NACIONAL,5,15 de jun de 2018,https://firebasestorage.googleapis.com/v0/b/minha-colecao-a01d5.appspot.com/o/imagens%2FBrasil_C147_anverso.jpg?alt=media&token=532b9ae4-1ebb-4492-9d37-0e5fd3442d70,https://firebasestorage.googleapis.com/v0/b/minha-colecao-a01d5.appspot.com/o/imagens%2FBrasil_C147_reverso.jpg?alt=media&token=532b9ae4-1ebb-4492-9d37-0e5fd3442d70; 
Brasil,1981,C 156,100,CRUZEIRO,Nota,FE,PAPEL,154X74,A2967014951A,DUQUE DE CAXIAS,2 CARAS,15,15 de jun de 2018,https://firebasestorage.googleapis.com/v0/b/minha-colecao-a01d5.appspot.com/o/imagens%2FBrasil_C156_anverso.jpg?alt=media&token=532b9ae4-1ebb-4492-9d37-0e5fd3442d70,https://firebasestorage.googleapis.com/v0/b/minha-colecao-a01d5.appspot.com/o/imagens%2FBrasil_C156_reverso.jpg?alt=media&token=532b9ae4-1ebb-4492-9d37-0e5fd3442d70; 
Brasil,1981,C 160,500,CRUZEIRO,Nota,B,PAPEL,154X74,A3317050964A,DEODORO DA FONSECA,2 CARAS,2,15 de jun de 2018,https://firebasestorage.googleapis.com/v0/b/minha-colecao-a01d5.appspot.com/o/imagens%2FBrasil_C160_anverso.jpg?alt=media&token=532b9ae4-1ebb-4492-9d37-0e5fd3442d70,https://firebasestorage.googleapis.com/v0/b/minha-colecao-a01d5.appspot.com/o/imagens%2FBrasil_C160_reverso.jpg?alt=media&token=532b9ae4-1ebb-4492-9d37-0e5fd3442d70; 
Brasil,1981,C 162,1000,CRUZEIRO,Nota,REPOR,PAPEL,151X72,SERIE 3999054765B,BARAO DE RIO BRANCO,2 CARAS,0,15 de jun de 2018,https://firebasestorage.googleapis.com/v0/b/minha-colecao-a01d5.appspot.com/o/imagens%2FBrasil_C162_anverso.jpg?alt=media&token=532b9ae4-1ebb-4492-9d37-0e5fd3442d70,https://firebasestorage.googleapis.com/v0/b/minha-colecao-a01d5.appspot.com/o/imagens%2FBrasil_C162_reverso.jpg?alt=media&token=532b9ae4-1ebb-4492-9d37-0e5fd3442d70; 
Brasil,1981,C 166,5000,CRUZEIRO,Nota,B,PAPEL,154X74,A1274043418A,CASTELO BRANCO,2 CARAS,5,15 de jun de 2018,https://firebasestorage.googleapis.com/v0/b/minha-colecao-a01d5.appspot.com/o/imagens%2FBrasil_C166_anverso.jpg?alt=media&token=532b9ae4-1ebb-4492-9d37-0e5fd3442d70,https://firebasestorage.googleapis.com/v0/b/minha-colecao-a01d5.appspot.com/o/imagens%2FBrasil_C166_reverso.jpg?alt=media&token=532b9ae4-1ebb-4492-9d37-0e5fd3442d70; 
Brasil,1981,C 158,200,CRUZEIRO,Nota,FE,PAPEL,154X74,A2088039222A,PRINCESA ISABEL,2 CARAS,3,11 de ago de 2018,https://firebasestorage.googleapis.com/v0/b/minha-colecao-a01d5.appspot.com/o/imagens%2FBrasil_C158_anverso.jpg?alt=media&token=532b9ae4-1ebb-4492-9d37-0e5fd3442d70,https://firebasestorage.googleapis.com/v0/b/minha-colecao-a01d5.appspot.com/o/imagens%2FBrasil_C158_reverso.jpg?alt=media&token=532b9ae4-1ebb-4492-9d37-0e5fd3442d70; 
Brasil,1983,C 167,5000,CRUZEIRO,Nota,REPOR,PAPEL,152X72,SERIE A9783050476A,CASTELO BRANCO,2 CARAS,2,15 de jun de 2018,https://firebasestorage.googleapis.com/v0/b/minha-colecao-a01d5.appspot.com/o/imagens%2FBrasil_C167_anverso.jpg?alt=media&token=532b9ae4-1ebb-4492-9d37-0e5fd3442d70,https://firebasestorage.googleapis.com/v0/b/minha-colecao-a01d5.appspot.com/o/imagens%2FBrasil_C167_reverso.jpg?alt=media&token=532b9ae4-1ebb-4492-9d37-0e5fd3442d70; 
Brasil,1984,C 157,100,CRUZEIRO,Nota,B,PAPEL,154X74,SERIE A7639024945A,DUQUE DE CAXIAS,2 CARAS,15,15 de jun de 2018,https://firebasestorage.googleapis.com/v0/b/minha-colecao-a01d5.appspot.com/o/imagens%2FBrasil_C157_anverso.jpg?alt=media&token=532b9ae4-1ebb-4492-9d37-0e5fd3442d70,https://firebasestorage.googleapis.com/v0/b/minha-colecao-a01d5.appspot.com/o/imagens%2FBrasil_C157_reverso.jpg?alt=media&token=532b9ae4-1ebb-4492-9d37-0e5fd3442d70; 
Brasil,1984,C 159,200,CRUZEIRO,Nota,B,PAPEL,154X74,A4512017189A,PRINCESA ISABEL,2 CARAS,3,15 de jun de 2018,https://firebasestorage.googleapis.com/v0/b/minha-colecao-a01d5.appspot.com/o/imagens%2FBrasil_C159_anverso.jpg?alt=media&token=532b9ae4-1ebb-4492-9d37-0e5fd3442d70,https://firebasestorage.googleapis.com/v0/b/minha-colecao-a01d5.appspot.com/o/imagens%2FBrasil_C159_reverso.jpg?alt=media&token=532b9ae4-1ebb-4492-9d37-0e5fd3442d70; 
Brasil,1984,C 163,1000,CRUZEIRO,Nota,REPOR,PAPEL,151X72,A6835068434B,BARAO DE RIO BRANCO,2 CARAS,1,15 de jun de 2018,https://firebasestorage.googleapis.com/v0/b/minha-colecao-a01d5.appspot.com/o/imagens%2FBrasil_C163_anverso.jpg?alt=media&token=532b9ae4-1ebb-4492-9d37-0e5fd3442d70,https://firebasestorage.googleapis.com/v0/b/minha-colecao-a01d5.appspot.com/o/imagens%2FBrasil_C163_reverso.jpg?alt=media&token=532b9ae4-1ebb-4492-9d37-0e5fd3442d70; 
Brasil,1984,C 172,50000,CRUZEIRO,Nota,BOA,PAPEL,154X74,SERIE A1234097686A,OSWALDO CRUZ, ,3,15 de jun de 2018,https://firebasestorage.googleapis.com/v0/b/minha-colecao-a01d5.appspot.com/o/imagens%2FBrasil_C172_anverso.jpg?alt=media&token=532b9ae4-1ebb-4492-9d37-0e5fd3442d70,https://firebasestorage.googleapis.com/v0/b/minha-colecao-a01d5.appspot.com/o/imagens%2FBrasil_C172_reverso.jpg?alt=media&token=532b9ae4-1ebb-4492-9d37-0e5fd3442d70; 
Brasil,1984,C 168,5000,CRUZEIRO,Nota,REPOR,PAPEL,154X74MM,SERIE B1599065997A,CASTELLO BRANCO,HODRELETRICA E TELECOMINICACAO,2,8 de out de 2018,https://firebasestorage.googleapis.com/v0/b/minha-colecao-a01d5.appspot.com/o/imagens%2FBrasil_C168_anverso.jpg?alt=media&token=532b9ae4-1ebb-4492-9d37-0e5fd3442d70,https://firebasestorage.googleapis.com/v0/b/minha-colecao-a01d5.appspot.com/o/imagens%2FBrasil_C168_reverso.jpg?alt=media&token=532b9ae4-1ebb-4492-9d37-0e5fd3442d70; 
Brasil,1984,C 170,10000,CRUZEIRO,Nota,REPOR,PAPEL,154X74MM,SERIE A250353248A,RUI BARBOSA,CONFERENCIA DA PAZ,5,13 de fev de 2019,https://firebasestorage.googleapis.com/v0/b/minha-colecao-a01d5.appspot.com/o/imagens%2FBrasil_C170_anverso.jpg?alt=media&token=532b9ae4-1ebb-4492-9d37-0e5fd3442d70,https://firebasestorage.googleapis.com/v0/b/minha-colecao-a01d5.appspot.com/o/imagens%2FBrasil_C170_reverso.jpg?alt=media&token=532b9ae4-1ebb-4492-9d37-0e5fd3442d70; 
Brasil,1985,C 161,500,CRUZEIRO,Nota,MBC,PAPEL,154X74,SERIE A3698007580A,DEODORO DA FONSECA,2 CARAS,4,15 de jun de 2018,https://firebasestorage.googleapis.com/v0/b/minha-colecao-a01d5.appspot.com/o/imagens%2FBrasil_C161_anverso.jpg?alt=media&token=532b9ae4-1ebb-4492-9d37-0e5fd3442d70,https://firebasestorage.googleapis.com/v0/b/minha-colecao-a01d5.appspot.com/o/imagens%2FBrasil_C161_reverso.jpg?alt=media&token=532b9ae4-1ebb-4492-9d37-0e5fd3442d70; 
Brasil,1985,C 164,1000,CRUZEIRO,Nota,MBC,PAPEL,154X74,SERIE A9925045986A,BARAO RIO BRANCO,TAQUEOMETRO,3,15 de jun de 2018,https://firebasestorage.googleapis.com/v0/b/minha-colecao-a01d5.appspot.com/o/imagens%2FBrasil_C164_anverso.jpg?alt=media&token=532b9ae4-1ebb-4492-9d37-0e5fd3442d70,https://firebasestorage.googleapis.com/v0/b/minha-colecao-a01d5.appspot.com/o/imagens%2FBrasil_C164_reverso.jpg?alt=media&token=532b9ae4-1ebb-4492-9d37-0e5fd3442d70; 
Brasil,1985,C 173,50000,CRUZEIRO,Nota,REPOR,PAPEL,154X74,SERIE A2104028030A,OSWALDO CRUZ,INSTITUTO OSWALDO CRUZ,0,15 de jun de 2018,https://firebasestorage.googleapis.com/v0/b/minha-colecao-a01d5.appspot.com/o/imagens%2FBrasil_C173_anverso.jpg?alt=media&token=532b9ae4-1ebb-4492-9d37-0e5fd3442d70,https://firebasestorage.googleapis.com/v0/b/minha-colecao-a01d5.appspot.com/o/imagens%2FBrasil_C173_reverso.jpg?alt=media&token=532b9ae4-1ebb-4492-9d37-0e5fd3442d70; 
Brasil,1985,C 174,50000,CRUZEIRO,Nota,B,PAPEL,154X74,SERIE A2392081902A,OSWALDO CRUZ,INSTITUTO OSWALDO CRUZ,1,15 de jun de 2018,https://firebasestorage.googleapis.com/v0/b/minha-colecao-a01d5.appspot.com/o/imagens%2FBrasil_C174_anverso.jpg?alt=media&token=532b9ae4-1ebb-4492-9d37-0e5fd3442d70,https://firebasestorage.googleapis.com/v0/b/minha-colecao-a01d5.appspot.com/o/imagens%2FBrasil_C174_reverso.jpg?alt=media&token=532b9ae4-1ebb-4492-9d37-0e5fd3442d70; 
Brasil,1985,C 169,5000,CRUZEIRO,Nota,REPOR,PAPEL,154X74,B2125094647A,CASTELO BRANCO,HIDRELETRICA E TELECOMUNICACOES,2,11 de ago de 2018,https://firebasestorage.googleapis.com/v0/b/minha-colecao-a01d5.appspot.com/o/imagens%2FBrasil_C169_anverso.jpg?alt=media&token=532b9ae4-1ebb-4492-9d37-0e5fd3442d70,https://firebasestorage.googleapis.com/v0/b/minha-colecao-a01d5.appspot.com/o/imagens%2FBrasil_C169_reverso.jpg?alt=media&token=532b9ae4-1ebb-4492-9d37-0e5fd3442d70; 
Brasil,1986,C 176,100000,CRUZEIRO,Nota,MB,PAPEL,154X74,A3130095604A,JUSCELINO KUBITSCHEK,CONGRESSO NACIONAL,10,15 de jun de 2018,https://firebasestorage.googleapis.com/v0/b/minha-colecao-a01d5.appspot.com/o/imagens%2FBrasil_C176_anverso.jpg?alt=media&token=532b9ae4-1ebb-4492-9d37-0e5fd3442d70,https://firebasestorage.googleapis.com/v0/b/minha-colecao-a01d5.appspot.com/o/imagens%2FBrasil_C176_reverso.jpg?alt=media&token=532b9ae4-1ebb-4492-9d37-0e5fd3442d70; 
Brasil,1986,C 177,10,CRUZADO,Nota,REPOR,PAPEL,154X74,CARIMBADA EM 10000 CRUZEIRO A47060422501A,RUI BARBOSA,CONFERENCIA DA PAZ,2,15 de jun de 2018, , ; 
Brasil,1986,C 179,100,CRUZADO,Nota,FE,PAPEL,154X74,A5904071567A,JUSCELINO KUBTSCHEK,SEGUNDA CONFERECENCIA DA PAZ,8,15 de jun de 2018,https://firebasestorage.googleapis.com/v0/b/minha-colecao-a01d5.appspot.com/o/imagens%2FBrasil_C179_anverso.jpg?alt=media&token=532b9ae4-1ebb-4492-9d37-0e5fd3442d70,https://firebasestorage.googleapis.com/v0/b/minha-colecao-a01d5.appspot.com/o/imagens%2FBrasil_C179_reverso.jpg?alt=media&token=532b9ae4-1ebb-4492-9d37-0e5fd3442d70; 
Brasil,1986,C 182,50,CRUZADO,Nota,FE,PAPEL,154X74,A1093059410A,OSWALDO CRUZ,INSTITUTO OSWALDDO CRUZ,15,15 de jun de 2018,https://firebasestorage.googleapis.com/v0/b/minha-colecao-a01d5.appspot.com/o/imagens%2FBrasil_C182_anverso.jpg?alt=media&token=532b9ae4-1ebb-4492-9d37-0e5fd3442d70,https://firebasestorage.googleapis.com/v0/b/minha-colecao-a01d5.appspot.com/o/imagens%2FBrasil_C182_reverso.jpg?alt=media&token=532b9ae4-1ebb-4492-9d37-0e5fd3442d70; 
Brasil,1986,C 189,500,CRUZADO,Nota,B,PAPEL,154X74,SERIE A0860083455A,VILLA LOBOS,REGENDO,8,15 de jun de 2018,https://firebasestorage.googleapis.com/v0/b/minha-colecao-a01d5.appspot.com/o/imagens%2FBrasil_C189_anverso.jpg?alt=media&token=532b9ae4-1ebb-4492-9d37-0e5fd3442d70,https://firebasestorage.googleapis.com/v0/b/minha-colecao-a01d5.appspot.com/o/imagens%2FBrasil_C189_reverso.jpg?alt=media&token=532b9ae4-1ebb-4492-9d37-0e5fd3442d70; 
Brasil,1986,C 178,50000,CRUZEIRO,Nota,REPOR,PAPEL,154X54,SERIE A4184087302A CARIMBADA 50 CRUZADO,OSWALDO CRUZ,INSTITUTO OSWALDO CRUZ,3,15 de jun de 2018,https://firebasestorage.googleapis.com/v0/b/minha-colecao-a01d5.appspot.com/o/imagens%2FBrasil_C178_anverso.jpg?alt=media&token=532b9ae4-1ebb-4492-9d37-0e5fd3442d70,https://firebasestorage.googleapis.com/v0/b/minha-colecao-a01d5.appspot.com/o/imagens%2FBrasil_C178_reverso.jpg?alt=media&token=532b9ae4-1ebb-4492-9d37-0e5fd3442d70; 
Brasil,1986,C 185,100,CRUZADO,Nota,MBC,PAPEL,154X74,SERIE A0976009065A,JUSCELINO KUBITSCHEK,CONGRESSO NACIONAL,5,15 de jun de 2018,https://firebasestorage.googleapis.com/v0/b/minha-colecao-a01d5.appspot.com/o/imagens%2FBrasil_C185_anverso.jpg?alt=media&token=532b9ae4-1ebb-4492-9d37-0e5fd3442d70,https://firebasestorage.googleapis.com/v0/b/minha-colecao-a01d5.appspot.com/o/imagens%2FBrasil_C185_reverso.jpg?alt=media&token=532b9ae4-1ebb-4492-9d37-0e5fd3442d70; 
Brasil,1987,C 180,10,CRUZADO,Nota,FE,PAPEL,152X72,A0616051567A,RUI BARBOSA,CONFERENCIA DA PAZ,15,15 de jun de 2018,https://firebasestorage.googleapis.com/v0/b/minha-colecao-a01d5.appspot.com/o/imagens%2FBrasil_C180_anverso.jpg?alt=media&token=532b9ae4-1ebb-4492-9d37-0e5fd3442d70,https://firebasestorage.googleapis.com/v0/b/minha-colecao-a01d5.appspot.com/o/imagens%2FBrasil_C180_reverso.jpg?alt=media&token=532b9ae4-1ebb-4492-9d37-0e5fd3442d70; 
Brasil,1987,C 181,10,CRUZADO,Nota,REPOR,PAPEL,152X72,A1435016311A,RUI BARBOSA,CONFERENCIA DA PAZ,0,15 de jun de 2018,https://firebasestorage.googleapis.com/v0/b/minha-colecao-a01d5.appspot.com/o/imagens%2FBrasil_C181_anverso.jpg?alt=media&token=532b9ae4-1ebb-4492-9d37-0e5fd3442d70,https://firebasestorage.googleapis.com/v0/b/minha-colecao-a01d5.appspot.com/o/imagens%2FBrasil_C181_reverso.jpg?alt=media&token=532b9ae4-1ebb-4492-9d37-0e5fd3442d70; 
Brasil,1987,C 186,100,CRUZADO,Nota,SOB,PAPEL,153X73,A1399097790A,JUSCELINO KUBITSCHEK,CONGRESSO NACIONAL,5,15 de jun de 2018,https://firebasestorage.googleapis.com/v0/b/minha-colecao-a01d5.appspot.com/o/imagens%2FBrasil_C186_anverso.jpg?alt=media&token=532b9ae4-1ebb-4492-9d37-0e5fd3442d70,https://firebasestorage.googleapis.com/v0/b/minha-colecao-a01d5.appspot.com/o/imagens%2FBrasil_C186_reverso.jpg?alt=media&token=532b9ae4-1ebb-4492-9d37-0e5fd3442d70; 
Brasil,1987,C 191,500,CRUZADO,Nota,FE,PAPEL,154X74,SERIE A7493015824A,VILLA LOBOS,REGENDO,12,15 de jun de 2018,https://firebasestorage.googleapis.com/v0/b/minha-colecao-a01d5.appspot.com/o/imagens%2FBrasil_C191_anverso.jpg?alt=media&token=532b9ae4-1ebb-4492-9d37-0e5fd3442d70,https://firebasestorage.googleapis.com/v0/b/minha-colecao-a01d5.appspot.com/o/imagens%2FBrasil_C191_reverso.jpg?alt=media&token=532b9ae4-1ebb-4492-9d37-0e5fd3442d70; 
Brasil,1987,C 193,1000,CRUZADO,Nota,BC,PAPEL,155X74,SERIE A1461041661A,MACHADO DE ASSIS,RUA PRIMEIRO DE MAIO,3,15 de jun de 2018,https://firebasestorage.googleapis.com/v0/b/minha-colecao-a01d5.appspot.com/o/imagens%2FBrasil_C193_anverso.jpg?alt=media&token=532b9ae4-1ebb-4492-9d37-0e5fd3442d70,https://firebasestorage.googleapis.com/v0/b/minha-colecao-a01d5.appspot.com/o/imagens%2FBrasil_C193_reverso.jpg?alt=media&token=532b9ae4-1ebb-4492-9d37-0e5fd3442d70; 
Brasil,1987,C 183,50,CRUZADO,Nota,BC,PAPEL,154X74,SERIE A1805050308A,OSWALDO CRUZ,INSTITUTO OSWALDO CRUZ,3,15 de jun de 2018,https://firebasestorage.googleapis.com/v0/b/minha-colecao-a01d5.appspot.com/o/imagens%2FBrasil_C183_anverso.jpg?alt=media&token=532b9ae4-1ebb-4492-9d37-0e5fd3442d70,https://firebasestorage.googleapis.com/v0/b/minha-colecao-a01d5.appspot.com/o/imagens%2FBrasil_C183_reverso.jpg?alt=media&token=532b9ae4-1ebb-4492-9d37-0e5fd3442d70; 
Brasil,1987,C 187,100,CRUZADO,Nota,SOB,PAPEL,154X74,SERIE A2180037189A,JUSCELINO KUBITSCHEK,CONGRESSO NACIONAL,2,15 de jun de 2018,https://firebasestorage.googleapis.com/v0/b/minha-colecao-a01d5.appspot.com/o/imagens%2FBrasil_C187_anverso.jpg?alt=media&token=532b9ae4-1ebb-4492-9d37-0e5fd3442d70,https://firebasestorage.googleapis.com/v0/b/minha-colecao-a01d5.appspot.com/o/imagens%2FBrasil_C187_reverso.jpg?alt=media&token=532b9ae4-1ebb-4492-9d37-0e5fd3442d70; 
Brasil,1988,C 194,1000,CRUZADO,Nota,FE,PAPEL,155X74,A9764025401A,MACHADO DE ASSIS,RIO DE JANEIRO R 1 DE MARCO EM 1905,15,15 de jun de 2018,https://firebasestorage.googleapis.com/v0/b/minha-colecao-a01d5.appspot.com/o/imagens%2FBrasil_C194_anverso.jpg?alt=media&token=532b9ae4-1ebb-4492-9d37-0e5fd3442d70,https://firebasestorage.googleapis.com/v0/b/minha-colecao-a01d5.appspot.com/o/imagens%2FBrasil_C194_reverso.jpg?alt=media&token=532b9ae4-1ebb-4492-9d37-0e5fd3442d70; 
Brasil,1988,C 196,10000,CRUZADO,Nota,BC,PAPEL,154X74,A0927023142A,CARLOS CHAGAS,LABORATORIO,5,15 de jun de 2018,https://firebasestorage.googleapis.com/v0/b/minha-colecao-a01d5.appspot.com/o/imagens%2FBrasil_C196_anverso.jpg?alt=media&token=532b9ae4-1ebb-4492-9d37-0e5fd3442d70,https://firebasestorage.googleapis.com/v0/b/minha-colecao-a01d5.appspot.com/o/imagens%2FBrasil_C196_reverso.jpg?alt=media&token=532b9ae4-1ebb-4492-9d37-0e5fd3442d70; 
Brasil,1988,C 195,5000,CRUZADO,Nota,BC,PAPEL,154X74,SERIE A0909025273A,CANDIDO PORTINARI,REGENDO,5,15 de jun de 2018,https://firebasestorage.googleapis.com/v0/b/minha-colecao-a01d5.appspot.com/o/imagens%2FBrasil_C195_anverso.jpg?alt=media&token=532b9ae4-1ebb-4492-9d37-0e5fd3442d70,https://firebasestorage.googleapis.com/v0/b/minha-colecao-a01d5.appspot.com/o/imagens%2FBrasil_C195_reverso.jpg?alt=media&token=532b9ae4-1ebb-4492-9d37-0e5fd3442d70; 
Brasil,1988,C 192,500,CRUZADO,Nota,FE,PAPEL,154X64,A7811025856A,VILLA LOBOS,REGENDO,5,11 de ago de 2018,https://firebasestorage.googleapis.com/v0/b/minha-colecao-a01d5.appspot.com/o/imagens%2FBrasil_C192_anverso.jpg?alt=media&token=532b9ae4-1ebb-4492-9d37-0e5fd3442d70,https://firebasestorage.googleapis.com/v0/b/minha-colecao-a01d5.appspot.com/o/imagens%2FBrasil_C192_reverso.jpg?alt=media&token=532b9ae4-1ebb-4492-9d37-0e5fd3442d70; 
Brasil,1989,C 197,1,CRUZADO NOVO,Nota,FE,PAPEL,154X74,A9938018847 1000 CRUZADO CARIMBADO 1 CRUZADO NOVO,MACHADO DE ASSIS,RIO DE JANEIRO R 1 DE MARCO EM 1905,15,15 de jun de 2018,https://firebasestorage.googleapis.com/v0/b/minha-colecao-a01d5.appspot.com/o/imagens%2FBrasil_C197_anverso.jpg?alt=media&token=532b9ae4-1ebb-4492-9d37-0e5fd3442d70,https://firebasestorage.googleapis.com/v0/b/minha-colecao-a01d5.appspot.com/o/imagens%2FBrasil_C197_reverso.jpg?alt=media&token=532b9ae4-1ebb-4492-9d37-0e5fd3442d70; 
Brasil,1989,C 198,1,CRUZADO NOVO,Nota,B,PAPEL,154X74,B0947075566A,MACHADO DE ASSIS,RUA PRIMEIRO DE MARCO,10,15 de jun de 2018,https://firebasestorage.googleapis.com/v0/b/minha-colecao-a01d5.appspot.com/o/imagens%2FBrasil_C198_anverso.jpg?alt=media&token=532b9ae4-1ebb-4492-9d37-0e5fd3442d70,https://firebasestorage.googleapis.com/v0/b/minha-colecao-a01d5.appspot.com/o/imagens%2FBrasil_C198_reverso.jpg?alt=media&token=532b9ae4-1ebb-4492-9d37-0e5fd3442d70; 
Brasil,1989,C 200,5000,CRUZADO,Nota,FE,PAPEL,154X74,A2353067580A CARIMBADA 5 CRUZADO NOVO,CANDIDO PORTINARI,DESENHANDO BAIANAS,10,15 de jun de 2018,https://firebasestorage.googleapis.com/v0/b/minha-colecao-a01d5.appspot.com/o/imagens%2FBrasil_C200_anverso.jpg?alt=media&token=532b9ae4-1ebb-4492-9d37-0e5fd3442d70,https://firebasestorage.googleapis.com/v0/b/minha-colecao-a01d5.appspot.com/o/imagens%2FBrasil_C200_reverso.jpg?alt=media&token=532b9ae4-1ebb-4492-9d37-0e5fd3442d70; 
Brasil,1989,C 202,10000,CRUZADO NOVO,Nota,SOB FE,PAPEL,153X72,A3105084347A CARIMBADA 10 CRUZADO,CARLOS CHAGAS,LABORATORIO,15,15 de jun de 2018,https://firebasestorage.googleapis.com/v0/b/minha-colecao-a01d5.appspot.com/o/imagens%2FBrasil_C202_anverso.jpg?alt=media&token=532b9ae4-1ebb-4492-9d37-0e5fd3442d70,https://firebasestorage.googleapis.com/v0/b/minha-colecao-a01d5.appspot.com/o/imagens%2FBrasil_C202_reverso.jpg?alt=media&token=532b9ae4-1ebb-4492-9d37-0e5fd3442d70; 
Brasil,1989,C 204,50,CRUZADO NOVO,Nota,UTG,PAPEL,139X53,A1977086783A,CARLOS DRUMMOND ANDRADE, ,1,15 de jun de 2018,https://firebasestorage.googleapis.com/v0/b/minha-colecao-a01d5.appspot.com/o/imagens%2FBrasil_C204_anverso.jpg?alt=media&token=532b9ae4-1ebb-4492-9d37-0e5fd3442d70,https://firebasestorage.googleapis.com/v0/b/minha-colecao-a01d5.appspot.com/o/imagens%2FBrasil_C204_reverso.jpg?alt=media&token=532b9ae4-1ebb-4492-9d37-0e5fd3442d70; 
Brasil,1989,C 208,200,CRUZADO NOVO,Nota,UTG,PAPEL,140X65,A0313013601A,EFIGIE DA REPUBLICA,PATRIA,0,15 de jun de 2018,https://firebasestorage.googleapis.com/v0/b/minha-colecao-a01d5.appspot.com/o/imagens%2FBrasil_C208_anverso.jpg?alt=media&token=532b9ae4-1ebb-4492-9d37-0e5fd3442d70,https://firebasestorage.googleapis.com/v0/b/minha-colecao-a01d5.appspot.com/o/imagens%2FBrasil_C208_reverso.jpg?alt=media&token=532b9ae4-1ebb-4492-9d37-0e5fd3442d70; 
Brasil,1989,C 201,5000,CRUZADO,Nota,SOB,PAPEL,154X74,SERIE A3684005082A,CANDIDO PORTINARI,DESENHANDO BAIANAS,10,15 de jun de 2018,https://firebasestorage.googleapis.com/v0/b/minha-colecao-a01d5.appspot.com/o/imagens%2FBrasil_C201_anverso.jpg?alt=media&token=532b9ae4-1ebb-4492-9d37-0e5fd3442d70,https://firebasestorage.googleapis.com/v0/b/minha-colecao-a01d5.appspot.com/o/imagens%2FBrasil_C201_reverso.jpg?alt=media&token=532b9ae4-1ebb-4492-9d37-0e5fd3442d70; 
Brasil,1989,C 206,100,CRUZADO NOVO,Nota,SOB,PAPEL,140X65,SERIE A2355069919A,CECILIA MEIRELES,CRIANCA,10,15 de jun de 2018, , ; 
Brasil,1990,C 203,10,CRUZADO NOVO,Nota,FE,PAPEL,153X72,A4489096644A,CARLOS CHAGAS,MEDICO TRABALHANDO,30,15 de jun de 2018,https://firebasestorage.googleapis.com/v0/b/minha-colecao-a01d5.appspot.com/o/imagens%2FBrasil_C203_anverso.jpg?alt=media&token=532b9ae4-1ebb-4492-9d37-0e5fd3442d70,https://firebasestorage.googleapis.com/v0/b/minha-colecao-a01d5.appspot.com/o/imagens%2FBrasil_C203_reverso.jpg?alt=media&token=532b9ae4-1ebb-4492-9d37-0e5fd3442d70; 
Brasil,1990,C 207,100,CRUZADO NOVO,Nota,B,PAPEL,139X64,A7284016140A,CECILIA MEIRELES,CRIANCA,6,15 de jun de 2018,https://firebasestorage.googleapis.com/v0/b/minha-colecao-a01d5.appspot.com/o/imagens%2FBrasil_C207_anverso.jpg?alt=media&token=532b9ae4-1ebb-4492-9d37-0e5fd3442d70,https://firebasestorage.googleapis.com/v0/b/minha-colecao-a01d5.appspot.com/o/imagens%2FBrasil_C207_reverso.jpg?alt=media&token=532b9ae4-1ebb-4492-9d37-0e5fd3442d70; 
Brasil,1990,C 209,500,CRUZADO NOVO,Nota,B,PAPEL,139X53,A1148097472A,AUGUSTO RUSCHI, ,2,15 de jun de 2018,https://firebasestorage.googleapis.com/v0/b/minha-colecao-a01d5.appspot.com/o/imagens%2FBrasil_C209_anverso.jpg?alt=media&token=532b9ae4-1ebb-4492-9d37-0e5fd3442d70,https://firebasestorage.googleapis.com/v0/b/minha-colecao-a01d5.appspot.com/o/imagens%2FBrasil_C209_reverso.jpg?alt=media&token=532b9ae4-1ebb-4492-9d37-0e5fd3442d70; 
Brasil,1990,C 210,50,CRUZEIRO,Nota,FE,PAPEL,139X53,A4105081226A CARIMBADA 50 CRUZADO NOVO,CARLOS DRUMMOND ANDRADE, ,15,15 de jun de 2018,https://firebasestorage.googleapis.com/v0/b/minha-colecao-a01d5.appspot.com/o/imagens%2FBrasil_C210_anverso.jpg?alt=media&token=532b9ae4-1ebb-4492-9d37-0e5fd3442d70,https://firebasestorage.googleapis.com/v0/b/minha-colecao-a01d5.appspot.com/o/imagens%2FBrasil_C210_reverso.jpg?alt=media&token=532b9ae4-1ebb-4492-9d37-0e5fd3442d70; 
Brasil,1990,C 213,500,CRUZEIRO,Nota,UTG,PAPEL,139X53,A65390099592A CARIMBADA DE 500 CRUZADO NOVO,AUGUSTO RUSCHI, ,0,15 de jun de 2018,https://firebasestorage.googleapis.com/v0/b/minha-colecao-a01d5.appspot.com/o/imagens%2FBrasil_C213_anverso.jpg?alt=media&token=532b9ae4-1ebb-4492-9d37-0e5fd3442d70,https://firebasestorage.googleapis.com/v0/b/minha-colecao-a01d5.appspot.com/o/imagens%2FBrasil_C213_reverso.jpg?alt=media&token=532b9ae4-1ebb-4492-9d37-0e5fd3442d70; 
Brasil,1990,C 214,100,CRUZEIRO,Nota,B,PAPEL,139X64,A0022036370A,CECILIA MEIRELES, ,1,15 de jun de 2018,https://firebasestorage.googleapis.com/v0/b/minha-colecao-a01d5.appspot.com/o/imagens%2FBrasil_C214_anverso.jpg?alt=media&token=532b9ae4-1ebb-4492-9d37-0e5fd3442d70,https://firebasestorage.googleapis.com/v0/b/minha-colecao-a01d5.appspot.com/o/imagens%2FBrasil_C214_reverso.jpg?alt=media&token=532b9ae4-1ebb-4492-9d37-0e5fd3442d70; 
Brasil,1990,C 215,200,CRUZEIRO,Nota,FE,PAPEL,139X64,A1435047208A,EFIGIE DA REPUBLICA,PATRIA,8,15 de jun de 2018,https://firebasestorage.googleapis.com/v0/b/minha-colecao-a01d5.appspot.com/o/imagens%2FBrasil_C215_anverso.jpg?alt=media&token=532b9ae4-1ebb-4492-9d37-0e5fd3442d70,https://firebasestorage.googleapis.com/v0/b/minha-colecao-a01d5.appspot.com/o/imagens%2FBrasil_C215_reverso.jpg?alt=media&token=532b9ae4-1ebb-4492-9d37-0e5fd3442d70; 
Brasil,1990,C 217,1000,CRUZEIRO,Nota,FE,PAPEL,140X65,A3854079491A,CANDIDO RONDON,2 INDIOS,12,15 de jun de 2018,https://firebasestorage.googleapis.com/v0/b/minha-colecao-a01d5.appspot.com/o/imagens%2FBrasil_C217_anverso.jpg?alt=media&token=532b9ae4-1ebb-4492-9d37-0e5fd3442d70,https://firebasestorage.googleapis.com/v0/b/minha-colecao-a01d5.appspot.com/o/imagens%2FBrasil_C217_reverso.jpg?alt=media&token=532b9ae4-1ebb-4492-9d37-0e5fd3442d70; 
Brasil,1990,C 222,5000,CRUZEIRO,Nota,B,PAPEL,139X64,A1425036719B,EFIGIE DA REPUBLICA, ,0,15 de jun de 2018, , ; 
Brasil,1990,C 211,100,CRUZADO NOVO,Nota,FE,PAPEL,140X65MM,SERIE A8875089680A CARIMBADA DE 100 CRUZEIRO,CELICIA MEIRELES,CRIANCA LENDO,25,18 de jun de 2018,https://firebasestorage.googleapis.com/v0/b/minha-colecao-a01d5.appspot.com/o/imagens%2FBrasil_C211_anverso.jpg?alt=media&token=532b9ae4-1ebb-4492-9d37-0e5fd3442d70,https://firebasestorage.googleapis.com/v0/b/minha-colecao-a01d5.appspot.com/o/imagens%2FBrasil_C211_reverso.jpg?alt=media&token=532b9ae4-1ebb-4492-9d37-0e5fd3442d70; 
Brasil,1990,C 219,5000,CRUZEIRO,Nota,MBC,PAPEL,140X65MM,SERIE A4371069633A,ANTONIO CARLOS GOMES,PIANO,0,2 de set de 2019,https://firebasestorage.googleapis.com/v0/b/minha-colecao-a01d5.appspot.com/o/imagens%2FBrasil_C219_anverso.jpg?alt=media&token=532b9ae4-1ebb-4492-9d37-0e5fd3442d70,https://firebasestorage.googleapis.com/v0/b/minha-colecao-a01d5.appspot.com/o/imagens%2FBrasil_C219_reverso.jpg?alt=media&token=532b9ae4-1ebb-4492-9d37-0e5fd3442d70; 
Brasil,1990,C 216,500,CRUZEIRO,Nota,MBC,PAPEL,140X65MM,SERIE A0180027784A,AUGUSTO RUSCHI,RUSCHI EXAMINANDO ORQUIDEAS,8,2 de set de 2019, , ; 
Brasil,1991,C 223,10000,CRUZEIRO,Nota,B,PAPEL,139X64,A2505018081A,VITAL BRASIL,COBRA,0,15 de jun de 2018,https://firebasestorage.googleapis.com/v0/b/minha-colecao-a01d5.appspot.com/o/imagens%2FBrasil_C223_anverso.jpg?alt=media&token=532b9ae4-1ebb-4492-9d37-0e5fd3442d70,https://firebasestorage.googleapis.com/v0/b/minha-colecao-a01d5.appspot.com/o/imagens%2FBrasil_C223_reverso.jpg?alt=media&token=532b9ae4-1ebb-4492-9d37-0e5fd3442d70; 
Brasil,1991,C 218,1000,CRUZEIRO,Nota,MBC,PAPEL,140X65,SERIE A7023066784A,CANDIDO RONDON,INDIO CARAJA,0,15 de jun de 2018,https://firebasestorage.googleapis.com/v0/b/minha-colecao-a01d5.appspot.com/o/imagens%2FBrasil_C218_anverso.jpg?alt=media&token=532b9ae4-1ebb-4492-9d37-0e5fd3442d70,https://firebasestorage.googleapis.com/v0/b/minha-colecao-a01d5.appspot.com/o/imagens%2FBrasil_C218_reverso.jpg?alt=media&token=532b9ae4-1ebb-4492-9d37-0e5fd3442d70; 
Brasil,1992,C 220,5000,CRUZEIRO,Nota,MB,PAPEL,142X65,A4524066305A,CARLOS GOMES,PIANO DO MAESTRO,0,15 de jun de 2018,https://firebasestorage.googleapis.com/v0/b/minha-colecao-a01d5.appspot.com/o/imagens%2FBrasil_C220_anverso.jpg?alt=media&token=532b9ae4-1ebb-4492-9d37-0e5fd3442d70,https://firebasestorage.googleapis.com/v0/b/minha-colecao-a01d5.appspot.com/o/imagens%2FBrasil_C220_reverso.jpg?alt=media&token=532b9ae4-1ebb-4492-9d37-0e5fd3442d70; 
Brasil,1992,C 224,10000,CRUZEIRO,Nota,B,PAPEL,139X64,SERIE A3439036168A,VITAL BRASIL, ,0,15 de jun de 2018, , ; 
Brasil,1992,C 226,50000,CRUZEIRO,Nota,B,PAPEL,139X63,A4983051289A,CAMARA CASCUDO,BUMBA MEU BOI,0,15 de jun de 2018, , ; 
Brasil,1992,C 227,100000,CRUZEIRO,Nota,MB,PAPEL,139X64,A1519094558A,BEIJA FLOR,CATARATAS DO IGUACU,0,15 de jun de 2018, , ; 
Brasil,1993,C 221,5000,CRUZEIRO,Nota,FE,PAPEL,142X65,A5633096755A,CARLOS GOMES, ,0,15 de jun de 2018,https://firebasestorage.googleapis.com/v0/b/minha-colecao-a01d5.appspot.com/o/imagens%2FBrasil_C221_anverso.jpg?alt=media&token=532b9ae4-1ebb-4492-9d37-0e5fd3442d70,https://firebasestorage.googleapis.com/v0/b/minha-colecao-a01d5.appspot.com/o/imagens%2FBrasil_C221_reverso.jpg?alt=media&token=532b9ae4-1ebb-4492-9d37-0e5fd3442d70; 
Brasil,1993,C 225,10000,CRUZEIRO,Nota,B,PAPEL,139X64,A7199023581A,VITAL BRASIL,COBRA,0,15 de jun de 2018, , ; 
Brasil,1993,C 236,500,CRUZEIRO REAL,Nota,MB,PAPEL,139X64,A8977096039A,MARIO DE ANDRADE, ,0,15 de jun de 2018, , ; 
Brasil,1993,C 237,500,CRUZEIRO REAL,Nota,B,PAPEL,139X64,B0772079470A CARIMBADA EM 500000 CRUZEIRO,MARIO DE ANDRADE, ,0,15 de jun de 2018, , ; 
Brasil,1993,C 238,1000,CRUZEIRO REAL,Nota,B,PAPEL,139X64,A1965029550A,ANISIO TEIXEIRA, ,0,15 de jun de 2018, , ; 
Brasil,1993,C 234,50000,CRUZEIRO,Nota,FE,PAPEL,140X65MM,A6451060099A CARIMBADA 50 CRUZEIRO REAL,CAMARA CASCUDO,BUMBA MEU BOI,0,11 de ago de 2018, , ; 
Brasil,1993,C 230,100000,CRUZEIRO,Nota,MBC,PAPEL,140X65,SERIE A6449075611A,BEIJA FLOR,CATARATAS DO IGUACU,0,5 de set de 2019, , ; 
Brasil,1993,C 231,500000,CRUZEIRO,Nota,MBC,PAPEL,140X65MM,SERIE A1909076574A,MARIO ANDRADE,CONVERSANDO COM CRIANCAS,0,5 de set de 2019, , ; 
Brasil,1993,C 233,500000,CRUZEIRO,Nota,MBC,PAPEL,140X65MM,SERIE A5559007985A,MARIO ANDRADE,CONSERTANDO COM CRIANCAS,0,5 de set de 2019, , ; 
Brasil,1993,C 235,100000,CRUZEIRO,Nota,BC,PAPEL,140X65MM,SERIE A6881034092A CARIMBADA PARA 100 REAIS,BEIJA FLOR,CATARATAS DO IGUACU,0,5 de set de 2019,https://firebasestorage.googleapis.com/v0/b/minha-colecao-a01d5.appspot.com/o/imagens%2FBrasil_C235_anverso.jpg?alt=media&token=532b9ae4-1ebb-4492-9d37-0e5fd3442d70,https://firebasestorage.googleapis.com/v0/b/minha-colecao-a01d5.appspot.com/o/imagens%2FBrasil_C235_reverso.jpg?alt=media&token=532b9ae4-1ebb-4492-9d37-0e5fd3442d70; 
Brasil,1993,C 239,5000,CRUZEIRO REAL,Nota,MBC,PAPEL,140X65MM,SERIE A1184061156A,O GAUCHO,RODEIO,0,5 de set de 2019,https://firebasestorage.googleapis.com/v0/b/minha-colecao-a01d5.appspot.com/o/imagens%2FBrasil_C239_anverso.jpg?alt=media&token=532b9ae4-1ebb-4492-9d37-0e5fd3442d70,https://firebasestorage.googleapis.com/v0/b/minha-colecao-a01d5.appspot.com/o/imagens%2FBrasil_C239_reverso.jpg?alt=media&token=532b9ae4-1ebb-4492-9d37-0e5fd3442d70; 
Brasil,1994,C 250,1,REAL,Nota,B,PAPEL,140X65MM,SERIE A1910019913A,EFIGIE DA REPUBLICA,BEIJA FLOR,0,8 de out de 2018, , ; 
Brasil,1994,ENSAIO,10000,CRUZEIRO REAL,Nota,REPLICA,PAPEL,0x0,SERIE P0000000000P REPLICA DE ENSAIO,RENDEIRA, ,0,2 de jan de 2019, , ; 
Brasil,1999,C 251,1,REAL,Nota,B,PAPEL,139X64,SERIE B4700013705B, ,BEIJA FLOR,0,15 de jun de 2018, , ; 
Brasil,2003,C 254,1,REAL,Nota,UTG,PAPEL,138X63,A0597014251C,EFIGIE DA REPUBLICA,BEIJA FLOR,0,15 de jun de 2018, , ; 
Brasil,2003,C 254,1,REAL,Nota,MBC,PAPEL,140X65MM,SERIE A0396012028C,EFIGIE DA REPUBLICA,BEIJA FLOR,0,8 de out de 2018, , ; 
Brasil,2003,C 254,1,REAL,Nota,UTG,PAPEL,140X65MM,SERIE A3108082604C RISCADA NO VERSO,BEIJA FLOR, ,0,5 de set de 2019, , ; 
Brasil,2009,C 262,2,REAL,Nota,B,PAPEL,140x65,D8278038489A,EFIGIE DA REPUBLICA,TARTARUGA,0,15 de jun de 2018, , ; 
Brasil,2013,C 335,5,REAL,Nota,MBC,PAPEL,128X65MM,AH043389086,EFIGIE DA REPUBLICA,GARCA,0,15 de jun de 2018, , ; 
Brasil,2014,C 333,2,REAL,Nota,FE,PAPEL,121X65,AA046713516,EFIGIE DA REPUBLICA,TARTARUGA,0,15 de jun de 2018, , ; 
Brasil,2015,C 343,2,REAL,Nota,REPOR,PAPEL,121X65,CH149338759,EFIGIE DA REPUBLICA,TARTARUGA,0,15 de jun de 2018, , ; 
Brasil,2016,C 344,2,REAL,Nota,B,PAPEL,121X65,DF091048032,EFIGIE DA REPUBLICA,TARTARUGA,0,15 de jun de 2018, , ; 
Brasil,2017,C 34.,2,REAL,Nota,FE,PAPEL,121X65,EG031751031,EFIGIE DA REPUBLICA,TARTARUGA,0,15 de jun de 2018, , ; 
Brasil,2017,0,2,REAL,Nota,B,PAPEL,121X65,EA000989631,EFIGIE DA REPUBLICA,TARTARUGA,0,15 de jun de 2018, , ; 
Brasil,2017,0,5,REAL,Nota,B,PAPEL,0x0,EA023408940,EFIGIE DA REPUBLICA,GARCA,0,15 de jun de 2018, , ; 
Brasil,2017,0,2,REAL,Nota,B,PAPEL,121X65MM,SERIE DZ008013413,EFIGIE DA REPUBLICA,TARTARUGA,0,20 de jun de 2018, , ; 
Brasil,2017,C,5,REAL,Nota,SOB,PAPEL,128X65,SERIE ED081524482,EFIGIE DA REPUBLICA,GARCA,0,24 de jun de 2018, , ; 
Brasil,2019,C,2,REAL,Nota,FE,PAPEL,121X65,EL058458710,EFIGIE DA REPUBLICA,TARTARUGA,0,9 de jan de 2019, , ; 
Brasil,1959,C 70,5,CRUZEIRO,Nota,FE,PAPEL,155X68MM,SERIE 2104 031306 2 ESTAMPA,BARAO RIO BRANCO,CONQUISTA DO AMAZONAS,15,28 de out de 2019, , ; 
Brasil,1973,C 134,5,CRUZEIRO,Nota,FE,PAPEL,152X68,SERIE B00958 055112,D PEDRO I, ,20,28 de out de 2019,https://firebasestorage.googleapis.com/v0/b/minha-colecao-a01d5.appspot.com/o/imagens%2FBrasil_C134_anverso.jpg?alt=media&token=532b9ae4-1ebb-4492-9d37-0e5fd3442d70,https://firebasestorage.googleapis.com/v0/b/minha-colecao-a01d5.appspot.com/o/imagens%2FBrasil_C134_reverso.jpg?alt=media&token=532b9ae4-1ebb-4492-9d37-0e5fd3442d70; 
Brasil,1989,C 199,1,CRUZADO NOVO,Nota,MBC,PAPEL,153X74,B1716085627A,MACHADO DE ASSIS,RJ RUA 1 DE MARCO,2,11 de ago de 2020,https://firebasestorage.googleapis.com/v0/b/minha-colecao-a01d5.appspot.com/o/imagens%2FBrasil_C199_anverso.jpg?alt=media&token=532b9ae4-1ebb-4492-9d37-0e5fd3442d70,https://firebasestorage.googleapis.com/v0/b/minha-colecao-a01d5.appspot.com/o/imagens%2FBrasil_C199_reverso.jpg?alt=media&token=532b9ae4-1ebb-4492-9d37-0e5fd3442d70; 
Brasil,1959,C 80,10,CRUZEIRO,Nota,SOB,PAPEL,153X57MM,SERIE 093465 2A ESTAMPA 1798A,GETULIO VARGAS,UNIDADE NACIONAL,7,4 de mar. de 2022,https://en.numista.com/catalogue/photos/bresil/5ec62f7f733688.77642536-original.jpg,https://en.numista.com/catalogue/photos/bresil/5ec62f7fc6b0d4.28942619-original.jpg; 
Bulgaria,1974,93,1,LEVA,Nota,FE,PAPEL,105X64,SERIE 6247641, , ,0,15 de jun de 2018, , ; 
Bulgaria,2005,114,2,LEVA,Nota,0,PAPEL,117X64,9448492, , ,0,15 de jun de 2018, , ; 
Burma,1972,1,1,KYAT,Nota,FE,PAPEL,126X60MM,SERIE KA 6028911, , ,0,15 de jun de 2018, , ; 
Burma,1973,0,5,KYAT,Nota,FE,PAPEL,130X70,SERIE IZ7006490, , ,0,11 de ago de 2020, , ; 
Burundi,2007,0,10,FRANCO,Nota,FE,PAPEL,115X62MM,CK775726, , ,0,15 de jun de 2018, , ; 
Butao,2006,0,1,NGULTRUM,Nota,FE,PAPEL,114X62,SERIE A5 0364719,DRAGOES, ,0,15 de jun de 2018, , ; 
Cambodja,2014,0,100,RIEL,Nota,FE,PAPEL,138X64MM,SERIE 3808917,REI NORODOM SIHANOUK BUDA,TEMPLO PAGODE DE PRATA BUDA,2.5,10 de out. de 2021, , ; 
Camboja,1972,8,100,RYEL,Nota,FE,PAPEL,174X78,SERIE 722179, , ,0,15 de jun de 2018, , ; 
Camboja,1972,4,1,RYEL,Nota,FE,PAPEL,128X64,SERIE 587907, , ,0,15 de jun de 2018, , ; 
Camboja,1975,16,500,RIEL,Nota,0,PAPEL,183X86,429806 OTIMO ESTADO, , ,0,15 de jun de 2018, , ; 
Camboja,2001,52,100,RIEL,Nota,0,PAPEL,130X60,1087235,TEMPLO,CIDADE,0,15 de jun de 2018, , ; 
Camboja,2002,0,50,RIEL,Nota,FE,PAPEL,130X60MM,NU1540591, , ,0,15 de jun de 2018, , ; 
Caribe,1965,13,1,DOLAR,Nota,UTG,PAPEL,145X69, ,MAPA ESQUERADA RAINHA A DIREITA,COSTA COM MAR,0,15 de jun de 2018, , ; 
China,0,0,2,YUAN,Nota,FE,PAPEL,0x0,CUPOM VERDE, , ,0,2 de jan de 2019, , ; 
China,1953,861,2,FEN,Nota,FE,PAPEL,99X47MM,NOTA VERDE,NAVIO CARGUEIRO, ,0,15 de jun de 2018, , ; 
China,1953,860,1,FEN,Nota,FE,PAPEL,90X42, , , ,0,15 de jun de 2018, , ; 
China,1980,883,5,JIAO,Nota,FE,PAPEL,125X58,WC50493075, , ,0,15 de jun de 2018, , ; 
China,1980,881,1,JIAO,Nota,FE,PAPEL,115X57,SERIE XH84599106, , ,0,15 de jun de 2018, , ; 
China,1980,882,2,JIAO,Nota,FE,PAPEL,120X55,SERIE DS261388177, , ,0,15 de jun de 2018, , ; 
China,1981,0,1,COUPON,Nota,FE,PAPEL,87X35, , , ,0,15 de jun de 2018, , ; 
China,1983,0,3,COUPON,Nota,FE,PAPEL,87X35, , , ,0,15 de jun de 2018, , ; 
China,1999,895,5,YUAN,Nota,0,PAPEL,135X62,QM44313257, , ,0,15 de jun de 2018, , ; 
Colombia,2016,0,1000,PESO,Nota,BC,PAPEL,0x0,SERIE 14601238, , ,0,26 de jun de 2018, , ; 
Colombia,2016,0,50000,PESO,Nota,MBC,PAPEL,148X66MM,SERIE BB90035276,COLIBRI PIQUICORTO,,66.58,7 de fev. de 2022,; 
Colombia,2016,0,50000,PESO,Nota,MBC,PAPEL,148X66MM,BK74415986,COLIBRI PIQUICORTO,,66.58,7 de fev. de 2022,; 
Colombia,2016,0,20000,PESO,Nota,MBC,PAPEL,143X66MM,SERIE AC70405287,,,26.63,7 de fev. de 2022,; 
Colombia,2016,0,5000,PESO,Nota,BC,PAPEL,133X66MM,SERIE AA48229075,,,6.66,7 de fev. de 2022,; 
Congo,2013,0,50,FRANCO,Nota,FE,PAPEL,151X70MM,SERIE KE2301327G, ,MAKUMI TANO,0,19 de jan de 2021, , ; 
Coreia Do Norte,1992,41,50,WON,Nota,FE,PAPEL,143X69M,SERIE 6113204,3 PESSOAS OLHANDO O MONUMENTO DE 5 ANOS,MONTANHAS E PINHEIROS,0,15 de jun de 2018, , ; 
Coreia Do Norte,2005,48,200,WON,Nota,FE,PAPEL,139X73,SERIE 608777, , ,0,15 de jun de 2018, , ; 
Croacia,1991,0,1,DINAR,Nota,FE,PAPEL,150X54,SERIE E3367224, , ,0,15 de jun de 2018, , ; 
Croacia,1991,0,5,DINAR,Nota,FE,PAPEL,0x0,SERIE C5982736, , ,0,1 de jan de 2019, , ; 
Cuba,2004,127,3,PESO,Nota,FE,PAPEL,150X70MM,SERIE 455384,ERNESTO GUEVARA,CHE GUEVARA EM UM CAMPO DE CANA,0,15 de jun de 2018, , ; 
Egito,0,0,50,PIASTRE,Nota,FE,PAPEL,0x0, , , ,0,15 de jun de 2018, , ; 
Egito,1998,188,5,PIASTRE,Nota,FE,PAPEL,95X58,MULHER, , ,0,15 de jun de 2018, , ; 
Egito,1998,189,10,PIASTRE,Nota,FE,PAPEL,117X57,ESFINGE, , ,0,15 de jun de 2018, , ; 
Egito,2008,57i,25,PIASTRE,Nota,FE,PAPEL,129X69MM, , , ,0,15 de jun de 2018, , ; 
Equador,1982,108,5,SUCRE,Nota,B,PAPEL,150x66,8764104,ANTONIO JOSE DE SUCRE, ,0,15 de jun de 2018, , ; 
Eritreia,1997,0,1,NAKFA,Nota,FE,PAPEL,160X70MM,SERIE AP2605505,3 MULHERES,VARIOS ALUNOS,0,19 de jan de 2021, , ; 
Eslovenia,1990,0,1,TOLAR,Nota,FE,PAPEL,149X73,SERIE AD90405396, , ,0,15 de jun de 2018, , ; 
Estados unidos da america,1995,496,1,DOLAR,Nota,B,PAPEL,156X66,B48373499N, , ,0,15 de jun de 2018, , ; 
Estados unidos da america,2003,515,1,DOLAR,Nota,FE,PAPEL,150X66MM,SERIE J18575206A,WASHINGTON,PIRAMIDE COM OLHO,0,15 de jun de 2018, , ; 
Estados unidos da america,2009,532,10,DOLAR,Nota,FE,PAPEL,155X66,JK69033073A, , ,0,15 de jun de 2018, , ; 
Estados unidos da america,1903,0,3,DOLAR,Nota,MBC,PAPEL,0x0,CHEQUE ANTIGO, , ,0,11 de ago de 2020, , ; 
Estonia,1992,0,1,KROON,Nota,FE,PAPEL,140X70,SERIE AB1613213,K RAUD, ,0,15 de jun de 2018, , ; 
Estonia,1992,70,2,KROONI,Nota,FE,PAPEL,140X70MM,SERIE AC0818060 MARCA DAGUA. FORTE,KE VON BAER, ,0,15 de jun de 2018, , ; 
Filipinas,0,0,10,PESO,Nota,UTG,PAPEL,0x0,COVERNO JAPONES 2 GUERRA, , ,0,15 de jun de 2018, , ; 
Filipinas,1969,145,20,PISO,Nota,B,PAPEL,160X66MM,SERIE WE780618,MANUEL L QUEZON,MALAKANYANG PALACE,0,15 de jun de 2018, , ; 
Gambia,2006,0,5,DALASIS,Nota,FE,PAPEL,132X69MM,SERIE G3939970,PASSARO MARTIN PESCADOR GIGANTE JOVEM,HOMEM PASTOREANDO GADO,6,10 de out. de 2021, , ; 
Georgia,1995,0,1,LARI,Nota,FE,PAPEL,115X58,SERIE 202 2 009184, , ,0,15 de jun de 2018, , ; 
Grecia,1939,0,1000, ,Nota,B,PAPEL,0x0,90948, , ,0,15 de jun de 2018, , ; 
Guatemala,1989,0,50 CENTAVO,QUETZAL,Nota,FE,PAPEL,156X67,A2277956B, ,TEMPLO I TIKAL,0,15 de jun de 2018, , ; 
Guiana,0,0,10,DOLAR,Nota,FE,PAPEL,0x0,A25 813875, , ,0,15 de jun de 2018, , ; 
Guiana,1992,0,1,DOLAR,Nota,FE,PAPEL,156X65,SERIE B44 025938,CATARATAS, ,0,15 de jun de 2018, , ; 
Guine,1998,0,100,FRANCO,Nota,FE,PAPEL,0x0,SERIE KL110881, , ,0,2 de jan de 2019, , ; 
Hell,0,0,10,DOLAR,Nota,B,PAPEL BAMBU,146X64MM,YA4488, , ,0,15 de jun de 2018, , ; 
Hell,0,0,2,DOLAR,Nota,B,PAPEL BAMBU,135X62MM,YTS2616, , ,0,15 de jun de 2018, , ; 
Hell,0,0,50,DOLAR,Nota,B,PAPEL BAMBU,160X73MM,LX1246A, , ,0,15 de jun de 2018, , ; 
Hell,0,0,100,DOLAR,Nota,B,PAPEL BAMBU,160X72MM,LX1636, , ,0,15 de jun de 2018, , ; 
Iemen,1995,0,20,RIAL,Nota,FE,PAPEL,145X73, , , ,0,11 de ago de 2020, , ; 
Ilhas Cayman,2011,38,1,DOLAR,Nota,FE,POLIMERO,156X66,77169, , ,0,15 de jun de 2018, , ; 
Indonesia,1964,0,10 Seuluh,SEN,Nota,FE,PAPEL,104X52MM, , , ,0,15 de jun de 2018, , ; 
Indonesia,1986,125,5000,RUPIAH,Nota,B,PAPEL,153X76MM,MTF 045702,TEUKU UMAR,MOSTEIRO DE MINARET OF KODUS,0,15 de jun de 2018, , ; 
Indonesia,2016,0,1000,RUPIAH,Nota,FE,PAPEL,142X65MM,NAS847535,TJUT MEUTIA,BANDA NEIRA,0,28 de fev de 2020, , ; 
Ira,0,0,100, ,Nota,FE,PAPEL,0x0,999097, , ,0,15 de jun de 2018, , ; 
Ira,1992,143,1000,RIAL,Nota,FE,PAPEL,149X73, , , ,0,15 de jun de 2018, , ; 
Iraque,1995,85,250,DINAR,Nota,FE,PAPEL,175x85, ,SADDAN HUSSEIN, ,0,15 de jun de 2018, , ; 
Italia,1990,114,1000,LIRA,Nota,B,PAPEL,113X61MM,SERIE LD 409284V,M MONTESSORI, ,0,15 de jun de 2018, , ; 
Italia,2008,247,10 CENT,EURO,Nota,MBC,OURO NORDICO,19.75MM,UNIAO EUROPEIA (EURO) (2002 - 2021) - CIRCULACAO CIRCULACAO NORMAL - BORDA ONDULACAO FINA - ALINHAMENTO MEDALHA (0DEG) - PESO 4.1GR - ESPESSURA 1.93MM,CM R,10 EURO CENT LL,0.61,7 de fev. de 2022,https://i.ucoin.net/coin/0/13/13865-1/italy-10-euro-cent-2008.jpg,https://i.ucoin.net/coin/0/13/13865-2/italy-10-euro-cent-2008.jpg; 
Iugoslavia,1968,83,50,DINARA,Nota,FE,PAPEL,140X66MM,SERIE AD9841719,ALIVIO DE MESTROVIC, ,0,15 de jun de 2018, , ; 
Iugoslavia,1968,82,10,DINARA,Nota,FE,PAPEL,131X62MM,SERIE AB7567564,FERREIRO, ,0,15 de jun de 2018, , ; 
Iugoslavia,1968,82,10,DINARA,Nota,FE,PAPEL,131X62MM,SERIE AG7684085,FERREIRO, ,0,15 de jun de 2018, , ; 
Iugoslavia,1985,93,5000,DINARA,Nota,B,PAPEL,167X75MM,SERIE CS 2405117,JOSIP BROZ TITO, ,0,15 de jun de 2018, , ; 
Iugoslavia,1993,0,500000000,DINARA,Nota,FE,PAPEL,139X65,AA8254530, , ,0,15 de jun de 2018, , ; 
Iugoslavia,1993,0,50000000,DINARA,Nota,SOB,PAPEL,151X71,AA7476306, , ,0,15 de jun de 2018, , ; 
Japao,2004,104,1000,YEN,Nota,SOB,PAPEL,150X71,AJ618031X, , ,0,15 de jun de 2018, , ; 
Laos,1979,30,100,KIP,Nota,SOB,PAPEL,132X68MM,SERIE ND4393200, , ,0,15 de jun de 2018, , ; 
Libano,1986,62,5,LIVRE,Nota,FE,PAPEL,140x70, ,PREDIOS,PONTE,0,15 de jun de 2018, , ; 
Libano,0,0,5,LIVRES,Nota,UTG,PAPEL,139X70MM, , , ,0,28 de fev de 2020, , ; 
Libia,2002,0,0.25,DINAR,Nota,FE,PAPEL,0x0,529638350, , ,0,28 de out de 2019, , ; 
Macedonia,1992,0,10,DENAR,Nota,FE,PAPEL,145X77,SERIE 8945986, , ,0,15 de jun de 2018, , ; 
Madagascar,2004,0,100,ARIARY,Nota,FE,PAPEL,120X60MM,SERIE B8994928T,ILHA, ,0,15 de jun de 2018, , ; 
Malasia,0,0,1, ,Nota,FE,POLIMERO,0x0, , , ,0,15 de jun de 2018, , ; 
Malawi,2016,0,20,KWACHA,Nota,FE,PAPEL,0x0,BF1997612, , ,0,15 de jun de 2018, , ; 
Mocambique,1961,0,100,ESCUDO,Nota,FE,PAPEL,0x0,C44961182, , ,0,5 de mai de 2019, , ; 
Moldova,1999,0,1,LEU,Nota,FE,PAPEL,114X58MM,816813, , ,0,15 de jun de 2018, , ; 
Mongolia,1955,0,1,TOGROG,Nota,FE,PAPEL,146X81,SERIE 530769 A, , ,0,15 de jun de 2018, , ; 
Mongolia,1993,49,10,MONGO,Nota,FE,PAPEL,90X45,AA6999507, , ,0,15 de jun de 2018, , ; 
Mongolia,1993,51,50,MONGO,Nota,FE,PAPEL,90X45,AA5492905, , ,0,15 de jun de 2018, , ; 
Mongolia,1993,50,20,MONGO,Nota,FE,PAPEL,90X45,AA0979517, , ,0,15 de jun de 2018, , ; 
Mongolia,1993,52,1,TUGRIK,Nota,FE,PAPEL,115X57,AA0171906, , ,0,15 de jun de 2018, , ; 
Myanmar,1996,70,5,KYAT,Nota,FE,PAPEL,130X62,AZ1657112, , ,0,15 de jun de 2018, , ; 
Myanmar,1996,69,1,KYAT,Nota,FE,PAPEL,110X55, , , ,0,15 de jun de 2018, , ; 
Nepal,1974,0,1,RUPEE,Nota,FE,PAPEL,117X70, , , ,0,15 de jun de 2018, , ; 
Nepal,1982,32,10,RUPEE,Nota,FE,PAPEL,132X70MM, ,REI BIREDRA BIR BIKRAM,ANTILOPES,0,15 de jun de 2018, , ; 
Nicaragua,1991,167,1 CENTAVO,CORDOBA,Nota,FE,PAPEL,119x53,AC83322952,Francisco Hernandez De Cordoba, ,0,15 de jun de 2018, , ; 
Nicaragua,1991,0,10 CENTAVO,CORDOBA,Nota,FE,PAPEL,120X53MM,SERIE AE 7928215, , ,0,15 de jun de 2018, , ; 
Nicaragua,1991,0,5 CENTAVO,CORDOBA,Nota,FE,PAPEL,120X53,SERIE AB 8387335,FRANCISCO HERNANDEZ CORDOBA,FLOR,0,15 de jun de 2018, , ; 
Nicaragua,1991,0,25 CENTAVO,CORDOBA,Nota,FE,PAPEL,129X53,SERIE AA 6230665,FRANCISCO HERNANDEZ CORDOBA, ,0,15 de jun de 2018, , ; 
Nigeria,2009,0,10,NAIRA,Nota,FE,POLIMERO,130X70MM,SERIE PP892069, , ,0,18 de jun de 2018, , ; 
Nigeria,2018,0,5,NAIRA,Nota,FE,POLIMERO,130X72MM,SERIE EB6717328, ,NAIRA BLYAR,0,19 de jan de 2021, , ; 
Oman,1995,0,100,BAISA,Nota,FE,PAPEL,121X64,SERIE, ,AGUIA ANTILOPE,0,15 de jun de 2018, , ; 
Paquistao,1999,37,2,RUPIAH,Nota,FE,PAPEL,108X60,SERIE TM3569151, , ,0,15 de jun de 2018, , ; 
Paraguai,0,0,5,GUARANI,Nota,B,PAPEL,157X66,A6831870,MULHER PARAGUAIA, ,0,15 de jun de 2018, , ; 
Peru,0,0,100,INTIS,Nota,SOB,PAPEL,0x0,A7519090V,RAMON, ,0,15 de jun de 2018, , ; 
Polonia,1986,0,100,ZLOTYCH,Nota,FE,PAPEL,138X64,SERIE SA6316180, , ,0,15 de jun de 2018, , ; 
Portugal,1964,167,50,ESCUDO,Nota,B,PAPEL,140X70,BTP77320, ,IGREJA DE SANTO ANTONIO DE LISBOA,0,15 de jun de 2018, , ; 
Qatar,2003,20,1,RYAL,Nota,R,PAPEL,135X65,NOTAQUASE SEPARADA EM DUAS PARTES, ,PASSAROS,0,15 de jun de 2018, , ; 
Qatar,2003,20,1,RYAL,Nota,FE,PAPEL,135X65MM, , , ,0,15 de jun de 2018, , ; 
Quenia,1995,0,20,SHILLING,Nota,FE,PAPEL,135X70,SERIE AG8113164,DANIEL TOROITICH,ESTADIO DE FUTEBOL,0,15 de jun de 2018, , ; 
Quirquistao,1993,3,50,TYIYN,Nota,FE,PAPEL,90X70MM,SERIE 02590817, , ,0,15 de jun de 2018, , ; 
Quirquistao,1993,0,1,TYIYN,Nota,FE,PAPEL,90X70,29CH 00514769, , ,0,15 de jun de 2018, , ; 
Quirquistao,1993,0,1,TYIYN,Nota,FE,PAPEL,90X70,SERIE 32OH 0136502,AGUIA, ,0,15 de jun de 2018, , ; 
Reino unido,0,0,10,NEW PENCE,Nota,FE,PAPEL,0x0, , , ,0,15 de jun de 2018, , ; 
Reino unido,1972,0,10,NEW PENCE,Nota,FE,PAPEL,127X64,DINHEIRO DAS FORCAS  ARMADAS BRITANICAS - SERIE 820873, , ,0,15 de jun de 2018, , ; 
Romenia,1999,111,2000,LEI,Nota,FE,POLIMERO,143X63,NOTA DE POLIESTIRENO ECLIPSE TOTAL SOLAR, , ,0,15 de jun de 2018, , ; 
Russia,1909,0,10,RUBLO,Nota,B,PAPEL,0x0,187056, , ,0,15 de jun de 2018, , ; 
Russia,1991,237,1,RUBLO,Nota,FE,PAPEL,105X53,SERIE 1510719, , ,0,15 de jun de 2018, , ; 
Russia,1993,0,100,RUBLO,Nota,FE,PAPEL,130X57MM,SERIE 5027854, , ,0,15 de jun de 2018, , ; 
Russia,1994,0,10,BILETOV,Nota,FE,PAPEL,150X70,SERIE EB8169811, , ,0,15 de jun de 2018, , ; 
Russia,1994,0,1,BILETOV,Nota,FE,PAPEL,150X70MM,SERIE 8205902, , ,0,15 de jun de 2018, , ; 
Russia,1997,0,10,RUBLO,Nota,FE,PAPEL,151X65,8949529, , ,0,15 de jun de 2018, , ; 
Russia,1961,0,5,RUBLE,Nota,UTG,PAPEL,112X52,SERIE OB5308508, , ,0,11 de ago de 2020, , ; 
Serbia,2006,47,20,DINARA,Nota,FE,PAPEL,135X64MM,SERIE AF5574523,PETAR II PETROVIC NJEGOS, ,0,15 de jun de 2018, , ; 
Siria,1991,0,5,POUND,Nota,FE,PAPEL,142X70, , , ,0,11 de ago de 2020, , ; 
Somalia,1991,0,50,N SHILIN,Nota,FE,PAPEL,140X70,SERIE AW2060494, , ,0,15 de jun de 2018, , ; 
Sri Lanka,2006,0,10,RUPEE,Nota,FE,PAPEL,0x0,M581 677278, , ,0,5 de mai de 2019, , ; 
Sudao,1985,0,25,PIASTRE,Nota,FE,PAPEL,120X60,A268 005285, , ,0,15 de jun de 2018, , ; 
Sudao,1987,0,50,PIASTRE,Nota,FE,PAPEL,127X64,SERIE B92 486569, , ,0,15 de jun de 2018, , ; 
Sudao,2011,73,10,POUNDS SUDANESE,Nota,UTG,PAPEL,155X69MM,DK 17328325, , ,0,15 de jun de 2018, , ; 
Suriname,1980,0,100,GULDEN,Nota,FE,PAPEL,0x0,E3288564, , ,0,5 de mai de 2019, , ; 
Tajiquistao,1994,1,1,RUBLO,Nota,FE,PAPEL,120X55MM,SERIE 0731917, , ,0,15 de jun de 2018, , ; 
Tajiquistao,1999,0,5,DIRHAM,Nota,FE,PAPEL,0x0,SERIE BB8125129, , ,0,1 de jan de 2019, , ; 
Transnistria,1994,17,5,RUBLEI,Nota,FE,PAPEL,125X58MM,2920242, , ,0,15 de jun de 2018, , ; 
Transnistria,1994,0,10,RUBLEI,Nota,FE,PAPEL,125X58,SERIE AA 5371228, , ,0,15 de jun de 2018, , ; 
Transnistria,2000,0,5,RUBLEI,Nota,SOB,PAPEL,0x0,SERIE AC 9457291, , ,0,1 de jan de 2019, , ; 
Turquemenistao,2005,0,500,MANAT,Nota,FE,PAPEL,0X0,SERIE AB9553084, , ,7,16/01/2022, , ; 
Turquia,1979,192,10,LIRA,Nota,B,PAPEL,122X54MM,SERIE B09304062, , ,0,15 de jun de 2018, , ; 
Ucrania,1991,81,1,KARBOVANTE,Nota,FE,PAPEL,105X54, , , ,0,15 de jun de 2018, , ; 
Ucrania,1991,81,1,KARBOVANTE,Nota,FE,PAPEL,105X54, , , ,0,15 de jun de 2018, , ; 
Ucrania,2014,0,1,HRYVNIA,Nota,FE,PAPEL,118X61,Y1424946, , ,0,15 de jun de 2018, , ; 
Uganda,2015,0,1000,SHILLING,Nota,FE,PAPEL,0x0,CJ8226417, , ,0,15 de jun de 2018, , ; 
Uruguai,1967,0,100,PESO,Nota,UTG,PAPEL,153X67,SERIE 20380334, , ,0,15 de jun de 2018, , ; 
Uruguai,1989,94,50,NUEVO PESO,Nota,FE,PAPEL,159X75,SERIE 10809215, , ,0,15 de jun de 2018, , ; 
Uzbequistao,1992,0,1,SOM,Nota,FE,PAPEL,121X61,SERIE AA 86817952, , ,0,15 de jun de 2018, , ; 
Uzbequistao,1999,0,500,SUM,Nota,0,PAPEL,0x0,SERIE LU3339407, , ,0,25 de jan de 2021, , ; 
Venezuela,0,0,2,BOLIVAR,Nota,FE,PAPEL,0x0,K5245627, , ,0,15 de jun de 2018, , ; 
Venezuela,0,0,5,BOLIVAR,Nota,FE,PAPEL,0x0,G50917751, , ,0,15 de jun de 2018, , ; 
Venezuela,0,0,100,BOLIVAR,Nota,FE,PAPEL,0x0,AL01154832, , ,0,15 de jun de 2018, , ; 
Venezuela,1989,0,2,BOLIVAR,Nota,FE,PAPEL,115X55,SERIE BR2477680, , ,0,15 de jun de 2018, , ; 
Venezuela,1995,0,10,BOLIVAR,Nota,FE,PAPEL,156X69MM,SERIE Q24315269,MARISCAL SUCRE, ,0,15 de jun de 2018, , ; 
Venezuela,2011,0,50,BOLIVAR,Nota,FE,PAPEL,156X69MM,SERIE M68927797, , ,0,15 de jun de 2018, , ; 
Venezuela,2017,95A,1000,BOLIVAR,Nota,MBC,PAPEL,152X69MM,SERIE C64885501,NEGRO PRIMERO,TATU,0,2 de set de 2019, , ; 
Venezuela,2017,0,500,BOLIVAR,Nota,FE,PAPEL,157X70MM,SERIE B60281246,FRANCISCO DE MIRANDA,TONINAS,0,28 de fev de 2020, , ; 
Venezuela,2017,95A,1000,BOLIVAR,Nota,SOB,PAPEL,152X69MM,SERIE M05961140,NEGRO PRIMERO,TATU,0,19 de jan de 2021, , ; 
Venezuela,2017,0,5000,BOLIVAR,Nota,MBC,PAPEL,0X0,SERIE D02591123, , ,5,31 de mai. de 2021, , ; 
Vietnam,1987,100,200,DONG,Nota,FC,PAPEL,130X65,IJ1009739, , ,0,15 de jun de 2018, , ; 
Vietnam,1988,107A,2000,DONG,Nota,BC,PAPEL,61X129MM,SERIE FE3820434, , ,0,2 de set de 2019, , ; 
Zaire,1993,0,5,NOUVEAUX MAKUTA,Nota,FE,PAPEL,124X63,SERIE K2445799B, , ,0,15 de jun de 2018, , ; 
Zambia,0,0,2,KWANCHA,Nota,FE,PAPEL,133X70,SERIE B86 659015, , ,0,15 de jun de 2018, , ; 
Zambia,1992,36,20,KWACHA,Nota,FE,PAPEL,140x70,AD4555750,AGUIA, ,0,15 de jun de 2018, , ; 
Zimbabue,2008,0,10000000,DOLAR,Nota,UTG,PAPEL,167X74MM,SERIE AF7559939, , ,0,18 de jun de 2018, , ; 
